Attrition,TotalWorkingYears,JobLevel,YearsAtCompany,MonthlyIncome,YearsInCurrentRole,YearsWithCurrManager,YearsSinceLastPromotion,Age,JobRole,Education,MaritalStatus,NumCompaniesWorked,Gender,StockOptionLevel,RelationshipSatisfaction,WorkLifeBalance,MonthlyRate,DistanceFromHome,EnvironmentSatisfaction
1,8,2,6,5993,4,5,0,41,0,2,0,8,1,0,1,1,19479,1,2
0,10,2,10,5130,7,7,1,49,1,1,1,1,0,1,4,3,24907,8,3
1,7,1,0,2090,0,0,0,37,2,2,0,6,0,0,2,3,2396,2,4
0,8,1,8,2909,7,0,3,33,1,4,1,1,1,0,3,3,23159,3,4
0,6,1,2,3468,2,2,2,27,2,1,1,9,0,1,4,3,16632,2,1
0,8,1,7,3068,7,6,3,32,2,2,0,0,0,0,3,2,11864,2,4
0,12,1,1,2670,0,0,0,59,2,3,1,4,1,3,1,2,9964,3,3
0,1,1,1,2693,0,0,0,30,2,1,2,1,0,1,2,3,13335,24,4
0,10,3,9,9526,7,8,1,38,3,3,0,0,0,0,2,3,8787,23,4
0,17,2,7,5237,7,7,7,36,4,3,1,6,0,2,2,2,16577,27,3
0,6,1,5,2426,4,3,0,35,2,3,1,0,0,1,3,3,16479,16,1
0,10,2,9,4193,5,8,0,29,2,2,0,0,1,0,4,3,12682,15,4
0,5,1,5,2911,2,3,4,31,1,1,2,1,0,1,4,2,15170,26,1
0,3,1,2,2661,2,2,1,34,2,2,2,0,0,1,3,3,8758,19,2
1,6,1,4,2028,2,3,0,28,2,3,0,5,0,0,2,3,12947,24,3
0,10,3,10,9980,9,8,8,29,3,4,2,1,1,1,3,3,10195,21,2
0,7,1,6,3298,2,5,0,32,1,2,2,0,0,2,4,2,15053,5,1
0,1,1,1,2935,0,0,0,22,2,2,2,1,0,2,2,2,7324,16,4
0,31,4,25,15427,8,7,3,53,5,4,1,2,1,0,3,3,22021,2,1
0,6,1,3,3944,2,2,1,38,1,3,0,5,0,0,3,3,4306,2,4
0,5,2,4,4011,2,3,1,24,3,2,2,0,1,1,4,2,8232,11,1
1,10,1,5,3407,3,3,0,36,6,4,0,7,0,0,2,3,6986,9,3
0,13,3,12,11994,6,11,2,34,7,4,0,0,1,0,3,3,21293,7,1
0,0,1,0,1232,0,0,0,21,1,2,0,1,0,0,4,3,19281,15,3
1,8,1,4,2960,2,3,1,34,1,1,0,2,0,0,3,3,17102,6,2
0,26,5,14,19094,13,8,4,53,5,3,2,4,1,1,4,2,10735,5,3
1,10,1,10,3919,2,7,6,32,1,1,0,1,1,0,2,3,4681,16,2
0,10,2,9,6825,7,2,4,42,0,4,1,0,0,1,4,3,21173,8,3
0,24,3,22,10248,6,17,5,44,4,4,1,3,1,1,4,3,2094,7,1
0,22,5,2,18947,2,1,2,46,5,4,0,3,1,0,4,2,22822,2,2
0,7,1,1,2496,1,0,0,33,2,3,0,4,0,0,4,3,6670,2,3
0,9,2,4,6465,2,3,1,44,4,4,1,2,0,0,4,4,19121,10,4
0,10,1,10,2206,0,8,1,30,2,2,0,1,0,0,1,3,16117,9,4
1,19,2,1,2086,0,0,0,39,6,3,1,3,0,1,3,4,3335,5,4
1,6,1,2,2293,0,0,2,24,1,3,1,2,0,1,1,2,3020,1,2
0,6,1,5,2645,3,4,1,43,1,2,2,1,1,2,4,2,21923,2,4
1,3,1,3,2683,2,2,0,50,6,2,1,1,0,0,3,3,3810,3,1
0,2,1,2,2014,2,2,2,35,6,3,1,1,1,0,1,3,9687,2,4
0,6,1,1,3419,1,0,0,36,1,4,1,9,1,1,4,4,13072,5,2
0,10,2,5,5376,3,3,1,33,0,3,1,2,1,2,1,3,3193,1,3
0,1,1,1,1951,0,0,0,35,2,2,2,1,0,1,3,3,10910,4,3
0,1,1,1,2341,0,0,0,27,2,4,2,1,1,1,4,3,19715,2,4
1,1,1,1,2293,0,1,0,26,2,3,0,1,0,0,3,2,10558,25,1
0,9,3,9,8726,8,7,1,27,0,3,0,1,0,0,4,3,2975,8,4
0,12,2,12,4011,8,7,3,30,2,2,0,1,1,0,4,3,10781,1,3
1,23,5,22,19545,15,8,15,41,7,3,1,1,1,0,4,3,16280,12,2
0,10,2,9,4568,5,7,8,34,0,4,0,0,0,0,3,3,10034,23,2
0,8,1,1,3022,0,0,0,37,1,2,1,4,0,0,1,3,10227,19,2
0,14,2,9,5772,6,8,0,46,0,4,0,4,0,0,3,3,20445,5,1
0,1,1,1,2269,0,1,0,35,2,1,1,1,0,0,4,3,4892,8,4
1,23,3,1,5381,0,0,0,48,2,2,0,9,0,0,4,3,19294,1,1
1,2,1,2,3441,2,2,2,28,2,4,0,1,0,0,3,2,11179,5,3
0,9,2,4,5454,3,3,1,44,0,5,2,5,1,1,3,2,4009,1,2
0,10,3,4,9884,0,3,2,35,4,2,1,2,0,1,3,3,8302,11,3
0,5,2,2,4157,2,0,0,26,0,3,1,7,1,1,3,2,21436,23,3
0,15,3,15,13458,14,12,8,33,7,2,0,1,1,0,3,3,15146,1,1
0,9,3,9,9069,8,8,1,35,0,5,1,1,0,1,4,2,11031,18,2
0,4,1,2,4014,2,2,2,35,2,4,1,3,1,1,3,3,16002,23,3
0,10,2,7,5915,7,7,1,31,2,4,2,3,0,1,4,2,9528,7,4
0,7,2,7,5993,5,7,0,37,3,4,2,1,0,1,3,4,2689,1,1
0,9,2,9,6162,8,8,7,32,3,3,1,1,0,1,2,3,10877,1,1
0,10,2,10,2406,3,9,9,38,2,5,0,1,1,0,4,3,5456,29,4
0,29,5,27,18740,3,8,13,50,7,2,2,5,1,1,4,2,16701,7,2
0,28,3,21,7637,16,9,7,59,0,3,0,7,1,0,4,2,2354,25,1
0,17,3,17,10096,14,8,12,36,4,3,2,1,1,3,2,3,8202,8,3
0,21,4,5,14756,0,2,0,55,5,3,2,2,1,3,3,3,19730,8,4
0,6,2,6,6499,5,3,0,36,3,3,0,1,0,0,3,3,22656,11,2
0,25,3,1,9724,0,0,0,45,1,3,2,2,0,1,3,3,18787,7,2
0,5,1,3,2194,2,2,1,35,1,3,1,4,0,1,4,2,5868,1,2
1,2,1,1,3388,0,0,0,36,1,3,1,0,0,1,1,2,21777,9,4
0,20,2,4,5473,3,3,1,59,0,1,0,7,1,0,4,2,24668,1,1
0,6,1,5,2703,4,4,0,29,1,3,1,0,0,1,4,3,4956,2,3
0,1,1,1,2501,1,0,1,31,1,4,0,1,0,0,2,3,18775,1,3
0,10,2,10,6220,4,9,0,32,1,3,1,1,0,2,2,3,7346,1,2
0,5,1,1,3038,0,0,0,36,2,3,1,3,1,0,2,3,22002,6,2
0,11,2,11,4424,7,8,1,31,3,4,0,1,1,0,4,3,20682,8,3
0,16,2,15,4312,13,8,2,35,0,4,0,0,0,0,2,3,23016,1,3
0,17,3,0,13245,0,0,0,45,7,4,1,4,0,0,2,4,15067,6,4
0,16,3,5,13664,2,2,0,37,7,4,0,4,0,0,1,4,25258,7,1
0,16,2,4,5021,2,2,0,46,8,2,2,8,0,1,4,3,10425,5,2
0,10,2,10,5126,8,0,3,30,2,1,1,1,0,2,3,2,15998,1,4
0,6,1,6,2859,4,4,0,35,1,3,0,1,0,0,1,3,26278,1,2
0,24,3,1,10239,0,0,1,55,0,2,1,3,0,1,4,3,18092,1,1
0,17,2,13,5329,11,9,1,38,1,3,2,7,1,3,4,3,15717,6,2
0,5,2,5,4325,2,3,1,34,3,2,1,1,0,0,3,3,17736,1,1
0,37,3,6,7260,4,2,0,56,3,3,0,4,0,0,1,2,21698,7,4
0,3,1,0,2322,0,0,0,23,6,1,2,3,0,1,3,3,9518,2,3
0,10,1,4,2075,2,3,0,51,2,4,1,3,0,2,2,3,18725,9,4
0,11,2,11,4152,10,8,10,30,4,3,1,1,0,3,1,3,15830,2,3
1,9,3,9,9619,8,7,4,46,0,2,0,1,0,0,4,3,13596,9,3
0,22,4,22,13503,3,11,11,40,4,4,1,1,0,1,4,2,14115,1,3
0,11,2,10,5441,7,0,1,51,0,4,0,0,0,0,4,1,8423,21,3
0,11,2,11,5209,8,7,2,30,0,2,2,1,1,3,2,2,19760,4,3
0,21,3,10,10673,9,5,9,46,4,3,1,2,0,1,3,2,3142,1,3
0,12,2,11,5010,8,7,5,32,0,4,0,1,0,0,1,3,24301,6,2
0,16,3,4,13549,3,3,0,54,7,4,1,9,1,1,1,1,24001,2,1
0,4,2,3,4999,2,2,0,24,0,2,1,0,1,1,1,2,17519,3,1
0,5,2,5,4221,4,4,0,28,0,3,1,1,0,0,2,4,8863,4,2
0,38,4,37,13872,10,8,1,58,0,4,0,0,0,0,3,2,24409,10,4
0,17,2,3,2042,2,2,1,44,2,3,1,4,0,1,3,4,25043,23,2
1,7,1,3,2073,2,2,0,37,8,4,2,4,0,0,4,3,23648,6,3
0,1,1,1,2956,0,0,0,32,1,1,0,1,0,0,4,3,15178,1,4
1,1,1,1,2926,0,0,1,20,2,3,0,1,1,0,2,3,19783,6,4
0,16,2,16,4809,13,10,2,34,1,4,0,1,1,0,3,3,12482,6,1
0,17,2,1,5163,0,0,0,37,4,2,2,5,0,1,4,4,15850,2,3
0,30,5,3,18844,2,2,2,59,5,4,1,9,1,1,4,3,21922,2,3
0,28,5,8,18172,3,7,0,50,7,3,1,3,1,0,1,2,9755,1,1
1,6,2,6,5744,4,3,0,25,0,3,0,1,0,0,4,3,26959,5,3
0,2,1,2,2889,2,1,2,25,1,1,1,1,0,2,3,3,26897,7,4
0,1,1,0,2871,0,0,0,22,2,3,0,1,1,0,3,3,23785,15,2
0,23,3,13,7484,12,8,12,51,4,4,0,3,1,0,3,2,25796,1,1
1,9,2,9,6074,7,6,0,34,2,3,0,1,0,0,4,3,22887,7,1
0,23,4,5,17328,3,4,4,54,5,3,0,2,1,0,3,3,13871,26,4
0,6,1,5,2774,3,2,1,24,2,1,1,0,0,1,3,3,13257,18,2
0,12,2,1,4505,0,0,0,34,1,4,2,6,1,1,3,3,15000,6,3
0,12,3,5,7428,3,3,1,37,0,3,0,2,0,0,1,3,14506,3,3
0,14,3,11,11631,10,8,5,34,5,3,0,2,1,0,4,3,5615,5,3
0,10,3,9,9738,7,8,2,36,0,2,1,0,1,1,3,3,22952,11,2
0,7,1,1,2835,0,0,0,36,2,2,2,5,1,1,1,3,2561,3,1
0,25,4,25,16959,12,12,4,43,5,2,1,1,0,2,4,4,19494,26,3
0,10,1,10,2613,7,9,0,30,1,3,2,1,0,3,3,2,22310,23,1
0,8,2,7,6146,7,7,0,33,0,2,1,0,0,1,1,4,15480,22,3
1,7,1,5,4963,4,3,4,56,1,4,1,9,1,3,1,3,4510,14,2
0,23,5,20,19537,18,15,15,51,7,3,0,7,0,0,3,3,6462,6,1
1,12,2,7,6172,7,7,7,31,0,4,1,4,0,0,2,2,20739,6,2
0,5,1,5,2368,4,3,4,26,1,3,1,1,1,0,3,2,23300,6,3
1,40,3,40,10312,10,6,15,58,4,4,1,1,1,1,4,2,3465,23,4
1,0,1,0,1675,0,0,0,19,6,1,0,1,0,0,4,2,26820,22,4
0,3,1,2,2523,1,1,2,22,2,1,1,0,0,1,3,3,19299,2,3
0,16,2,15,6567,11,11,5,49,3,4,1,1,1,0,3,2,5549,20,3
0,18,1,3,4739,2,2,1,43,1,3,0,4,1,0,4,3,16090,28,2
0,16,3,2,9208,2,1,2,50,0,3,0,4,1,0,4,3,6645,12,3
1,4,2,2,4559,2,2,2,31,0,3,1,3,1,1,3,3,24788,20,2
0,12,3,9,8189,7,7,0,41,0,1,2,3,0,1,3,3,21196,9,3
0,8,1,8,2942,7,7,5,26,8,1,1,1,1,1,4,3,8916,25,3
0,7,2,3,4941,2,1,0,36,3,2,2,6,0,2,4,3,2819,6,2
1,18,3,4,10650,2,3,0,51,3,4,0,2,0,0,4,3,25150,8,1
0,17,2,15,5902,11,9,5,39,0,4,1,4,1,1,3,4,14590,4,4
0,6,2,2,8639,2,2,2,25,0,3,1,2,0,0,4,3,24835,28,1
0,12,2,11,6347,9,7,4,30,8,3,1,0,0,0,4,1,13982,9,3
1,10,1,5,4200,4,4,0,32,2,3,0,7,1,0,1,4,10224,9,1
0,9,1,6,3452,5,3,0,45,1,3,0,5,0,0,2,2,9752,29,3
0,19,2,3,4317,2,2,2,38,1,5,0,3,1,0,2,3,2302,3,4
0,5,1,5,2632,4,4,0,30,1,3,0,1,1,0,3,2,23910,18,1
0,9,2,8,4668,7,7,0,32,0,2,2,0,0,3,4,4,22812,9,4
0,8,1,3,3204,2,2,2,30,1,3,2,5,1,1,4,3,10415,5,4
0,6,1,5,2720,3,2,1,30,2,1,0,0,0,0,4,3,11162,2,2
0,21,4,7,17181,6,7,7,41,5,3,2,4,0,1,2,2,12888,10,4
0,7,1,5,2238,0,4,1,41,2,4,1,2,0,1,4,3,6961,9,3
0,1,1,1,1483,0,0,0,19,2,1,0,1,1,0,4,3,16102,3,2
0,20,2,20,5605,7,13,2,40,1,3,2,1,1,1,1,3,8504,26,2
0,10,3,10,7295,8,6,0,35,0,5,1,1,0,2,1,3,11439,1,3
0,13,2,7,2306,7,5,4,53,6,2,1,2,0,1,4,1,16047,6,2
0,20,2,17,2348,9,15,0,45,2,3,2,8,0,1,3,1,10901,9,2
0,9,3,9,8998,8,7,3,32,0,3,0,1,1,0,4,3,15589,8,2
0,10,2,10,4319,7,9,0,29,3,1,1,1,0,1,1,3,26283,1,4
0,10,2,1,6132,0,0,0,51,3,4,1,2,0,0,3,3,13983,7,2
0,9,1,1,3346,0,0,0,58,1,3,1,4,1,1,2,2,11873,9,2
0,15,3,12,10855,11,11,2,40,0,4,1,7,0,1,1,2,8552,4,3
0,6,1,4,2231,3,2,1,34,6,4,1,6,1,1,4,3,11314,2,3
0,2,1,2,2323,2,2,2,22,1,1,1,1,0,2,1,3,11992,19,3
0,6,1,2,2024,2,2,2,27,1,3,2,6,0,1,4,1,5970,9,4
0,5,1,5,2713,2,2,0,28,1,3,1,1,0,1,3,1,6672,21,3
0,12,3,5,9439,3,4,1,57,4,2,2,3,0,1,2,1,23402,24,3
0,1,1,1,2566,1,1,0,27,1,3,2,1,0,1,4,2,25326,3,3
0,21,5,5,19926,4,4,4,50,5,3,0,3,1,0,2,3,17053,11,3
0,13,1,9,2451,8,8,1,41,1,3,2,4,0,1,1,3,4609,14,1
0,12,3,10,9419,9,4,7,30,0,3,1,2,1,1,3,3,8053,5,2
0,12,2,8,8686,3,7,0,38,0,4,0,4,1,0,3,4,12930,1,1
0,8,1,5,3038,4,4,1,32,1,5,0,3,0,0,1,3,12430,6,3
0,6,1,5,3058,2,1,1,27,1,3,1,0,0,1,4,2,13364,17,3
1,1,1,0,2325,0,0,0,19,6,1,0,0,1,0,1,4,20989,1,3
0,13,1,8,2088,7,2,7,36,2,2,0,4,0,0,3,2,15062,3,4
0,12,2,12,3072,9,10,6,30,2,3,2,1,0,2,3,3,11012,9,3
0,9,2,5,5006,4,3,0,45,0,2,2,4,1,1,1,4,6319,4,3
0,19,1,2,4257,2,2,2,56,1,3,2,4,1,1,3,3,13939,8,3
0,4,1,3,2500,1,2,0,33,1,3,0,0,0,0,1,4,10515,2,3
1,1,1,1,1102,0,0,1,19,2,3,0,1,0,0,3,2,9241,2,2
0,24,3,24,10453,13,7,15,46,0,2,2,1,1,3,3,3,2137,1,2
0,2,1,2,2288,2,1,2,38,2,2,0,1,1,0,3,3,6319,9,3
0,7,1,4,3929,2,2,0,31,1,1,1,8,1,1,3,3,6984,12,3
0,9,1,3,2311,2,2,1,34,1,2,0,2,1,0,4,3,5711,27,4
1,4,1,4,3140,3,2,0,41,6,2,0,1,1,0,4,2,21728,20,2
0,5,1,3,3690,2,2,0,50,2,3,1,2,0,1,4,2,3425,1,3
0,5,2,4,4450,2,3,1,53,3,2,2,1,1,2,3,3,26250,13,4
0,8,1,8,2756,7,6,1,33,1,3,1,1,1,1,4,3,4673,14,4
0,21,5,20,19033,8,9,9,40,5,1,1,1,1,1,2,3,6499,4,4
0,36,5,24,18722,15,15,2,55,7,4,0,8,0,0,4,3,13339,14,3
0,10,2,10,9547,9,9,1,34,3,1,1,1,0,0,3,2,14074,2,4
0,21,4,7,13734,7,0,1,51,4,3,0,3,1,0,3,3,7192,3,4
0,34,5,33,19999,18,9,11,52,5,4,1,0,0,1,1,3,5678,1,3
0,7,1,7,2279,7,3,0,27,1,3,0,1,1,0,4,2,11781,9,4
1,8,2,1,5916,0,1,0,35,3,2,1,3,0,0,1,3,15497,23,2
0,7,1,5,2089,4,2,2,43,1,3,2,4,0,3,4,4,5228,7,4
0,22,4,20,16792,8,8,11,45,5,2,1,9,0,1,4,3,20462,2,1
0,8,1,8,3564,7,7,1,37,1,3,1,1,0,1,1,2,22977,21,2
0,10,2,6,4425,2,2,1,35,2,3,0,5,1,0,4,3,15986,2,2
0,11,2,5,5265,3,2,0,42,3,2,2,2,1,1,2,3,16439,21,3
0,14,2,1,6553,0,0,0,38,3,4,1,9,0,0,2,3,7259,2,4
0,9,2,7,6261,7,7,1,38,3,3,1,3,0,1,1,1,4185,29,4
0,6,2,2,4298,2,0,2,27,3,1,1,5,0,1,3,3,9679,1,3
0,7,2,7,6804,7,7,1,49,3,4,2,1,0,2,1,3,23793,18,4
0,5,1,5,3815,3,0,2,34,1,4,2,1,0,1,4,4,5972,10,4
0,15,2,7,2741,2,7,3,40,2,2,1,8,0,1,3,4,16523,19,3
1,17,2,1,6673,0,0,0,38,4,1,1,7,0,0,2,3,11354,29,2
1,10,3,10,7639,4,9,1,29,0,3,1,1,1,3,4,2,24525,27,2
0,4,1,4,2328,2,2,2,22,1,3,2,1,0,1,1,2,12392,5,4
0,8,1,8,2153,1,7,1,36,2,1,0,1,1,0,1,3,7703,18,2
0,5,2,3,4876,2,2,0,40,4,5,1,9,0,1,4,1,14242,9,4
0,17,3,4,9396,2,3,0,46,4,4,2,7,0,1,3,3,12368,1,4
1,14,3,14,10400,8,8,9,32,0,4,1,1,0,0,3,2,25812,4,4
0,12,3,11,8474,8,8,5,30,3,1,0,1,0,0,3,3,20925,1,3
0,7,2,7,9981,7,7,0,27,0,3,0,1,1,0,4,3,12916,20,4
0,16,3,10,12490,9,7,4,51,7,4,1,5,0,2,4,1,15736,8,2
1,8,1,5,2657,2,4,0,30,1,3,0,5,1,0,3,3,8556,3,4
0,16,3,1,13591,0,0,0,41,5,3,0,3,1,0,3,3,14674,6,4
1,9,2,6,6696,3,1,0,30,0,4,0,5,1,0,3,2,22967,26,3
1,7,1,6,2058,2,5,1,29,1,3,0,0,0,0,4,2,19757,1,3
0,23,3,19,8865,7,8,12,45,0,3,0,6,1,0,4,3,16840,6,4
0,16,2,6,5940,2,5,0,54,0,3,1,2,1,1,4,3,17011,3,4
0,16,2,13,5914,11,7,3,36,2,2,0,8,0,0,4,4,9945,5,4
0,7,1,3,2622,2,1,1,33,1,4,1,6,1,0,4,3,13248,4,3
0,10,3,10,12185,8,7,0,37,7,3,2,1,0,3,3,3,10056,11,2
0,17,3,16,10609,10,13,5,38,0,3,2,0,0,2,3,2,9647,3,1
0,6,2,5,4345,4,4,1,31,3,4,1,0,0,1,4,3,4381,1,3
0,7,1,1,2177,0,0,0,59,1,3,1,3,0,1,1,3,8456,3,3
0,13,1,9,2793,8,8,5,37,6,4,2,4,0,1,3,3,2539,4,1
0,11,3,11,7918,10,1,4,29,0,1,1,1,1,1,4,3,6599,1,2
0,10,3,10,8789,7,8,0,35,0,3,0,1,1,0,1,4,9096,1,3
1,4,1,4,2389,3,1,0,29,1,1,0,1,0,0,3,2,14961,18,3
0,6,1,2,3212,2,2,2,52,2,3,0,7,1,0,2,2,3300,2,3
0,22,5,22,19232,17,15,11,42,5,2,1,1,0,0,4,3,4933,4,3
0,7,1,2,2267,2,2,2,59,8,2,1,8,0,0,4,2,25657,6,2
0,32,5,7,19517,0,6,0,50,5,4,2,3,1,1,3,2,24118,1,4
1,8,1,5,2436,4,4,0,33,2,3,1,5,0,1,3,1,22149,14,3
0,22,4,17,16064,13,9,1,43,5,3,1,5,1,1,3,3,7744,16,4
1,13,1,9,2707,7,7,1,33,2,2,1,7,1,0,1,4,21509,2,1
0,33,5,33,19068,7,12,15,52,5,4,0,1,0,0,4,4,21030,2,1
0,6,1,4,3931,3,2,1,32,6,2,1,2,1,1,1,3,20990,4,3
1,4,1,3,3730,2,2,1,32,2,3,0,0,0,0,4,1,9571,1,4
0,7,1,3,2232,2,2,1,39,2,4,2,7,1,3,3,3,15417,1,3
0,4,2,3,4465,2,2,2,32,0,4,1,0,0,0,1,3,12069,26,3
0,17,2,1,3072,0,0,0,41,1,2,2,2,0,2,1,2,19877,19,3
0,9,2,9,3319,8,7,4,40,1,2,2,1,0,2,1,3,24447,24,1
0,25,5,24,19202,0,7,1,45,5,3,1,0,0,1,3,3,15970,1,3
0,9,3,2,13675,2,2,2,31,7,4,2,9,0,1,1,3,13523,3,2
0,2,1,2,2911,2,2,0,33,1,4,1,1,1,1,3,2,14776,5,3
0,13,2,11,5957,9,9,5,34,3,4,1,6,0,1,2,3,23687,2,4
0,17,1,3,3920,1,2,0,37,1,2,1,2,1,1,1,2,18697,1,3
0,9,2,3,6434,2,2,0,45,3,4,1,4,0,1,4,3,5118,7,1
1,17,3,1,10048,0,0,0,37,3,3,2,6,0,2,2,3,22573,10,1
0,20,3,19,10938,6,8,11,39,4,4,0,0,1,0,4,3,6420,2,3
0,6,1,6,2340,5,5,1,29,1,3,0,1,0,0,1,3,22673,15,3
0,10,2,3,6545,2,2,0,42,1,2,0,3,1,0,3,3,23016,17,4
0,10,2,3,6931,2,2,0,29,0,2,2,2,0,1,4,3,10732,20,4
0,5,2,4,4898,2,2,1,25,3,3,1,0,1,2,4,3,7505,1,1
0,10,1,9,2593,6,8,7,42,2,3,2,0,1,1,3,3,8007,2,4
0,22,5,21,19436,7,9,3,40,7,2,2,0,0,1,4,3,5949,2,1
0,1,1,1,2723,0,0,0,51,1,3,1,1,0,0,2,2,23231,1,3
1,6,1,5,3479,4,4,1,31,2,2,0,0,0,0,2,4,11652,29,3
0,5,1,5,2794,1,3,0,32,2,3,1,1,0,0,3,1,26062,7,2
0,13,2,8,5249,7,5,7,38,0,2,1,3,0,1,4,3,19682,2,4
0,9,2,6,2176,2,4,0,32,2,1,0,4,0,0,4,3,19737,2,4
0,28,4,7,16872,7,7,7,46,5,3,1,3,1,1,2,2,14977,2,3
1,5,1,0,3485,0,0,0,28,2,4,0,2,0,0,3,1,14935,2,1
0,10,2,0,6644,0,0,0,29,0,3,1,2,0,2,2,3,3687,2,1
0,10,2,9,5582,0,8,7,31,4,3,1,0,0,1,2,3,14408,23,2
0,6,2,6,4000,3,5,1,25,4,2,2,1,0,2,4,3,18384,5,2
0,21,4,20,13496,7,10,4,45,4,2,1,0,0,0,2,3,7501,20,3
0,16,1,15,3210,13,11,10,36,2,3,1,0,0,1,3,3,20251,6,4
0,37,5,36,19045,10,13,4,55,5,3,0,0,0,0,3,3,18938,1,4
1,10,3,10,11849,7,9,9,47,5,4,1,1,0,1,4,2,10268,29,1
0,5,1,5,2070,2,4,0,28,1,3,1,1,0,1,4,2,2613,9,4
0,7,2,5,6502,4,1,0,37,0,4,1,4,0,1,2,4,22825,6,3
0,3,1,3,3230,2,0,1,21,1,2,0,1,0,0,1,4,10531,3,4
0,15,3,5,13603,2,2,0,37,7,4,2,2,1,2,1,3,11677,1,1
0,10,3,7,11996,7,2,6,35,5,3,2,7,1,1,2,2,19100,22,2
0,8,2,8,5605,0,7,7,38,0,2,2,1,1,1,3,3,19191,7,1
0,6,2,6,6397,5,4,1,26,3,3,2,1,1,1,1,1,26767,1,3
0,28,5,10,19144,4,6,1,50,7,1,2,3,0,2,1,2,15815,4,1
0,21,4,5,17584,3,3,1,53,7,4,1,3,0,3,4,2,21016,3,3
0,20,2,20,4907,16,6,11,42,0,1,1,1,0,0,3,3,24532,1,2
0,10,2,10,4554,7,9,0,29,0,2,0,1,0,0,1,2,20260,2,2
0,12,2,10,5415,7,8,0,55,2,2,1,3,0,1,4,3,15972,20,2
0,5,2,5,4741,3,3,3,26,4,2,1,1,0,1,3,3,22722,11,1
0,17,1,17,2115,12,7,5,37,1,3,0,1,1,0,2,3,15881,1,4
1,19,1,1,3161,0,0,0,44,2,3,2,3,0,1,4,1,19920,24,4
0,10,2,2,5745,2,2,1,38,4,4,2,9,0,1,2,3,18899,23,4
1,5,1,3,2373,2,2,0,26,2,4,2,2,0,1,4,3,14180,16,1
0,5,1,5,3310,3,2,0,28,1,2,0,1,1,0,4,3,4488,8,4
0,22,5,3,18665,2,2,1,49,7,4,0,9,1,0,4,3,25594,10,3
0,10,2,8,4485,0,7,7,36,1,3,0,4,0,0,4,3,26285,3,3
0,2,1,2,2789,2,2,2,31,6,3,2,1,1,1,3,2,3909,5,4
1,8,2,8,5828,7,4,7,26,0,4,0,1,0,0,2,3,8450,4,4
0,4,1,4,2326,2,2,1,37,1,3,1,1,0,3,3,2,11411,9,2
0,23,4,20,13525,4,8,4,42,0,3,1,5,1,1,4,4,14864,26,3
1,0,1,0,1420,0,0,0,18,2,3,0,1,0,0,3,3,25233,3,3
0,12,3,11,8020,9,9,6,35,0,3,1,0,0,2,3,2,5100,16,3
0,4,1,1,3688,0,0,0,36,2,4,1,4,0,2,4,3,7122,18,3
0,13,2,4,5482,1,2,1,51,3,3,2,5,0,1,4,3,16321,2,4
0,22,4,22,16015,10,4,0,41,5,4,0,1,0,0,2,3,15896,2,4
0,0,1,0,1200,0,0,0,18,6,3,0,1,1,0,1,3,9724,10,4
0,9,2,8,5661,3,7,0,28,4,2,0,0,0,0,3,3,4824,16,2
0,10,2,8,6929,7,7,7,31,0,3,1,4,0,1,2,2,12241,7,2
0,19,3,18,9613,10,7,3,39,4,3,2,0,0,3,1,2,10942,1,3
0,11,2,9,5674,8,8,0,36,2,4,1,7,1,1,3,3,6927,24,2
0,13,2,13,5484,8,8,4,32,0,3,1,1,0,1,3,2,16985,7,4
0,19,3,10,12061,8,1,0,38,7,2,1,3,1,1,3,3,26707,25,1
0,12,2,5,5660,3,2,1,58,4,4,2,2,0,1,4,3,17056,1,4
0,6,1,5,4821,2,3,0,31,1,4,1,0,0,1,3,3,10077,5,3
0,9,2,2,6410,2,0,1,31,8,3,1,3,0,0,4,3,17822,2,1
0,24,3,24,5210,9,11,9,45,2,3,2,1,0,1,1,3,20308,7,1
0,3,1,2,2695,2,2,2,31,1,4,2,0,0,1,2,1,7747,2,3
0,12,3,10,11878,6,8,8,33,5,4,1,6,1,2,2,3,23364,5,4
0,21,4,21,17068,9,10,11,39,5,1,1,1,0,0,4,3,5355,10,3
0,9,1,8,2455,7,7,1,43,2,4,0,0,1,0,1,3,10675,10,3
0,25,4,7,13964,1,7,0,49,4,2,0,7,1,0,4,3,17810,1,3
1,11,2,8,4941,2,7,7,52,1,4,1,2,0,0,1,2,17747,8,3
0,4,1,4,2478,3,2,1,27,1,3,0,1,1,0,2,2,20938,5,3
0,13,2,13,5228,12,9,11,32,0,2,1,1,1,0,4,3,24624,8,3
0,5,2,5,4478,4,4,0,27,0,3,0,1,0,0,1,3,5242,2,4
0,13,2,7,7547,7,7,1,31,0,3,2,4,0,3,4,3,7143,7,4
0,10,2,7,5055,7,7,0,32,1,4,0,7,1,0,3,2,10557,2,1
1,5,1,3,3464,2,2,2,28,1,4,1,5,0,0,4,2,24737,2,1
0,11,2,10,5775,8,9,1,30,1,2,1,1,1,2,4,3,11934,28,4
0,10,3,10,8943,9,9,8,31,3,2,1,1,1,1,1,3,14034,7,3
0,21,5,21,19272,9,3,13,39,5,2,1,1,0,1,1,3,21141,7,3
1,12,2,1,5238,0,0,0,39,0,2,1,4,1,0,1,2,17778,3,4
0,9,2,7,4682,7,1,0,33,0,3,0,3,0,0,3,2,4317,10,2
0,21,5,3,18300,2,1,1,47,7,5,1,4,0,1,2,3,16375,5,4
0,9,2,9,5257,7,0,0,43,2,4,2,1,1,1,2,4,6227,10,3
0,6,2,5,6349,4,4,1,27,0,1,1,0,0,1,4,3,22107,1,3
0,20,2,4,4869,3,3,0,54,1,4,0,3,1,0,4,2,16885,20,4
0,10,3,1,9985,0,0,0,43,4,3,1,8,1,1,1,2,9262,7,3
0,12,2,10,3697,9,8,9,45,1,4,1,9,0,2,1,3,9278,8,4
0,6,2,4,7457,3,2,0,40,0,2,1,2,0,3,3,2,13273,1,2
1,7,1,7,2119,7,7,0,29,2,4,1,1,0,0,4,2,4759,8,2
0,4,1,3,3983,2,2,2,29,2,5,0,0,0,0,3,3,7621,9,2
0,10,2,10,6118,9,2,1,30,0,3,2,1,1,3,3,3,5431,5,4
0,8,2,8,6214,7,7,0,27,0,4,1,1,1,1,1,3,3415,8,2
0,8,2,6,6347,2,4,0,37,3,2,2,7,0,2,3,2,23177,5,4
0,12,3,11,11510,10,9,2,38,7,2,2,0,0,1,2,3,15682,15,3
0,11,3,11,7143,9,10,4,31,3,4,0,1,1,0,3,2,25713,7,3
0,7,2,7,8268,7,7,1,29,0,1,2,1,1,2,1,3,11866,10,4
0,17,3,16,8095,6,13,0,35,3,4,0,0,0,0,4,3,18264,5,3
0,4,1,4,2904,2,2,0,23,1,1,2,1,0,2,3,2,16092,26,3
0,8,2,5,6032,4,2,1,41,3,3,0,6,0,0,4,3,10110,6,4
0,5,2,0,2976,0,0,0,47,6,1,0,3,0,0,1,3,25751,4,2
0,16,4,1,15992,0,0,0,42,7,5,0,2,1,0,2,3,15901,23,1
0,4,2,4,4649,3,2,0,29,0,3,1,1,0,1,1,2,16928,2,4
0,4,1,3,2696,2,0,1,42,8,1,2,0,0,1,3,3,24017,2,3
0,8,1,8,2370,0,7,0,32,2,3,1,1,1,1,3,3,3956,2,3
0,15,3,0,12504,0,0,0,48,5,1,1,3,1,1,2,1,23978,29,1
0,13,2,7,5974,7,7,6,37,1,3,2,4,0,2,1,3,17001,6,3
0,4,2,2,4736,2,2,2,30,0,2,1,7,1,1,2,4,6069,25,4
0,8,2,8,5296,7,7,7,26,0,3,1,1,0,1,2,3,20156,1,3
0,14,2,1,6781,0,0,0,42,4,4,0,3,0,0,2,3,17078,2,1
1,3,1,3,2174,2,2,1,21,6,1,0,1,1,0,3,3,9150,1,1
0,7,2,1,6653,0,0,0,36,0,5,0,4,1,0,2,3,15276,1,4
0,16,3,13,9699,9,12,1,36,0,4,1,4,0,1,1,3,7246,3,1
0,15,2,3,6755,2,2,1,57,4,4,1,2,0,0,3,3,2967,1,4
0,10,1,7,2213,7,7,1,40,2,4,1,3,1,1,3,3,22495,10,4
0,3,1,3,2610,2,2,2,21,6,2,0,1,0,0,3,2,2851,9,1
1,1,1,1,2851,0,0,0,33,6,3,0,1,1,0,2,3,9150,5,4
0,17,1,5,3452,4,3,0,37,2,3,1,6,1,1,2,3,17663,10,3
0,7,2,1,5258,0,0,0,46,3,4,1,2,1,0,3,4,16044,7,3
1,8,2,8,9355,7,7,7,41,0,3,0,1,0,0,3,3,9558,4,1
0,20,3,4,10496,3,3,1,50,4,3,0,6,0,0,4,3,2755,10,4
1,8,2,6,6380,4,0,1,40,0,2,1,2,0,2,1,3,6110,22,3
0,3,1,2,2657,2,2,2,31,1,4,0,0,0,0,4,3,7551,9,3
1,1,1,1,2716,0,0,0,21,6,3,0,1,1,0,4,3,25422,12,3
0,6,1,3,2201,2,2,1,29,1,3,0,9,0,0,4,3,18168,23,4
0,10,2,1,6540,1,0,0,35,4,4,0,9,0,0,3,3,19394,9,3
0,5,1,5,3816,2,4,0,27,2,2,2,1,0,1,2,3,17881,1,4
0,7,2,7,5253,5,7,0,28,0,4,0,1,0,0,4,3,20750,9,2
0,26,3,5,10965,2,0,0,49,4,3,0,8,0,0,3,3,12066,7,2
0,18,2,7,4936,7,7,0,51,0,2,1,4,1,1,3,2,14862,14,3
0,6,1,2,2543,2,2,2,36,1,3,1,4,1,1,2,3,11868,2,4
1,9,2,5,5304,2,4,0,34,0,3,0,8,0,0,2,2,4652,19,1
0,30,4,5,16659,4,2,1,55,5,3,0,2,1,0,3,3,23258,2,3
0,5,2,5,4260,2,3,0,24,0,4,2,1,1,1,4,4,5915,10,4
0,1,1,1,2476,0,0,0,30,6,1,1,1,0,1,1,3,17434,2,3
1,7,1,6,3102,4,4,0,26,1,1,0,0,0,0,3,3,6582,3,3
0,2,1,2,2244,1,2,1,22,1,3,1,1,1,1,4,3,24440,11,1
0,10,3,10,7596,9,0,9,36,0,2,1,1,0,2,2,3,3809,2,2
1,3,1,1,2285,0,0,0,30,1,3,0,9,0,0,3,3,3427,4,3
0,18,1,18,3034,7,17,12,37,2,3,2,1,1,1,3,2,26914,14,4
0,8,2,5,5715,4,3,1,40,0,2,2,7,1,2,3,3,22553,2,4
0,8,1,5,2576,2,2,1,42,2,4,2,3,1,1,2,3,20490,1,2
0,18,2,1,4197,0,1,0,37,3,4,0,2,0,0,4,2,21123,10,3
0,25,4,25,14336,10,9,3,43,7,3,2,1,0,1,3,3,4345,12,1
0,20,2,1,3448,0,0,0,40,2,3,1,6,1,1,2,3,13436,2,2
0,24,5,4,19406,2,2,1,54,7,2,1,4,0,1,3,2,8509,5,1
0,6,2,3,6538,2,2,1,34,0,4,1,9,1,1,1,3,12740,4,3
0,13,2,13,4306,10,12,3,31,3,2,1,1,1,1,2,1,4156,7,2
0,8,1,3,2258,2,2,1,43,2,3,1,7,0,1,1,3,15238,21,4
0,8,2,5,4522,2,2,0,43,4,4,2,4,1,0,4,3,2227,8,3
0,5,2,5,4487,4,3,1,25,0,2,0,1,1,0,2,3,12090,4,2
0,15,2,13,4449,11,7,10,37,1,5,1,3,1,2,1,3,23866,25,2
0,4,1,4,2218,2,2,3,31,2,2,1,1,0,1,3,3,16193,1,4
0,21,5,21,19197,8,6,1,39,5,1,2,1,0,1,3,3,8213,1,2
0,36,4,7,13212,7,7,7,56,0,3,1,9,1,3,4,2,18256,6,3
0,6,2,5,6577,4,4,4,30,0,3,0,0,1,0,2,3,19558,12,2
0,10,3,10,8392,7,7,0,41,0,3,1,1,0,1,3,3,19566,1,2
0,10,2,10,4558,0,8,1,28,2,2,2,1,0,1,4,3,13535,17,3
1,6,1,2,4031,2,2,0,25,2,3,1,5,0,1,3,3,9396,3,1
0,28,3,5,7969,4,4,0,52,3,3,1,2,0,0,3,3,19609,3,4
0,8,1,2,2654,2,2,0,45,1,2,1,3,0,2,4,2,9655,10,1
0,31,4,5,16555,2,4,1,52,5,2,1,2,1,0,4,1,10310,4,4
0,19,2,5,4556,4,2,0,42,1,2,2,2,1,1,2,3,12932,29,1
0,11,2,5,6091,4,2,0,30,3,3,0,2,1,0,3,3,24793,2,3
0,33,5,29,19566,8,10,11,60,5,3,1,5,1,0,4,1,3854,7,1
0,19,2,10,4810,7,8,0,46,3,3,2,2,1,1,3,2,26314,18,3
0,7,2,6,4523,5,4,0,42,4,4,1,0,1,3,4,4,4386,28,4
1,6,1,5,3202,3,4,1,24,6,1,0,1,1,0,2,3,21972,1,1
1,3,1,2,2351,2,0,1,34,6,2,2,0,1,1,4,2,12253,6,4
0,1,1,1,1702,0,0,0,38,2,2,1,1,0,1,3,3,12106,2,4
0,21,5,20,18041,15,12,1,40,5,4,1,0,1,0,4,3,13022,2,3
0,3,1,3,2886,2,2,0,26,1,3,2,1,1,2,2,1,3032,23,1
0,9,1,5,2097,3,4,1,30,2,3,1,4,0,1,3,1,16734,3,3
0,10,3,10,11935,2,7,0,29,7,4,1,1,0,0,3,3,21526,3,2
1,6,1,2,2546,2,1,1,29,1,5,1,5,1,0,2,4,18300,25,3
1,1,1,1,2564,0,0,0,19,8,2,0,1,0,0,3,4,18437,2,1
0,10,3,9,8412,8,8,7,30,0,4,1,0,1,0,3,3,2890,22,3
0,32,4,1,14118,0,0,0,57,5,3,2,3,0,1,3,2,22102,29,1
0,28,4,27,17046,10,7,15,50,5,4,1,0,0,1,2,3,9314,29,2
0,12,1,11,2564,7,7,6,30,2,3,0,0,1,0,3,2,7181,2,3
0,22,3,18,10266,13,11,13,60,0,3,1,4,1,0,4,4,2845,28,3
0,20,2,5,5070,0,4,0,47,3,2,2,5,1,3,3,3,7389,2,1
0,26,4,3,17861,2,1,0,46,7,3,1,6,0,0,3,1,2288,2,1
0,6,1,5,4230,4,3,4,35,2,3,0,0,0,0,3,3,19225,22,4
0,19,2,1,3780,0,0,0,54,2,4,0,7,1,0,3,3,23428,8,3
0,14,1,7,2768,3,7,5,34,1,4,2,3,0,1,3,3,8416,2,4
0,15,3,3,9071,2,2,1,46,0,3,1,2,1,1,3,3,11563,10,3
0,13,3,13,10648,8,8,0,31,3,1,2,1,0,1,4,4,14394,9,3
1,15,3,7,13610,6,7,7,33,5,1,1,7,0,0,4,4,24619,15,2
1,8,1,4,3408,3,3,1,33,2,1,2,7,0,3,1,3,6705,10,1
0,4,1,3,2983,2,2,1,30,6,1,0,0,0,0,1,3,18398,7,4
0,10,3,8,7632,7,0,0,35,4,3,1,4,0,0,3,3,14295,16,4
1,12,3,1,9824,0,0,0,31,4,3,1,3,0,0,1,3,22908,20,1
1,11,3,3,9950,2,2,0,34,8,3,2,9,1,3,3,3,11533,23,2
0,8,1,2,2093,2,0,2,42,2,2,1,4,0,1,4,3,9260,5,2
0,10,3,10,9980,3,7,9,36,0,4,0,1,0,0,4,2,15318,10,2
1,4,1,2,3894,2,2,1,22,2,1,0,5,0,0,3,3,9129,4,3
0,14,2,9,4051,7,7,6,48,0,5,1,2,1,1,1,3,19658,2,2
0,37,4,10,16835,9,7,7,55,5,5,0,3,1,0,4,3,9873,18,1
0,16,2,14,6230,3,10,1,41,0,2,0,7,0,0,4,3,13430,10,4
0,15,2,11,4717,9,9,6,35,0,3,1,9,0,0,3,3,18659,1,2
0,22,4,20,13237,6,13,5,40,3,3,0,7,1,0,3,3,20364,6,2
0,8,1,8,3755,3,7,0,39,2,1,1,1,1,1,1,3,17872,8,3
0,10,2,6,6582,5,5,0,31,0,1,0,4,0,0,3,4,8346,2,2
0,10,3,10,7406,9,8,5,42,3,3,1,1,0,1,4,2,6950,24,4
0,9,2,8,4805,7,7,3,45,0,3,1,0,0,1,2,4,16177,2,4
1,8,1,7,2741,7,0,1,26,8,4,2,0,1,1,2,2,22808,17,2
0,8,2,3,4262,2,2,1,29,3,3,2,4,0,2,2,4,22645,19,4
0,10,4,6,16184,1,5,0,33,7,5,2,4,1,1,3,3,22578,1,1
0,10,3,5,11557,4,1,0,31,5,3,2,9,0,1,3,2,25291,7,3
1,0,1,0,1878,0,0,0,18,6,3,0,1,0,0,4,3,8059,5,2
0,20,3,1,10932,0,1,0,40,0,3,2,3,0,1,3,3,11373,28,3
0,10,2,8,6811,7,7,0,41,4,4,0,2,1,0,1,3,2112,2,1
0,8,2,0,4306,0,0,0,26,0,2,2,5,0,2,1,3,4267,29,1
0,5,2,5,4859,4,3,0,35,0,3,0,1,1,0,4,3,6698,1,1
0,10,2,10,5337,7,7,5,34,0,4,0,1,0,0,4,3,19921,21,4
1,1,1,1,2340,0,0,0,26,2,3,0,1,0,0,2,1,23213,24,3
0,12,3,6,7491,5,2,1,37,3,3,0,4,1,0,4,4,23848,1,2
0,28,3,2,10527,2,2,1,46,4,1,1,5,1,0,4,2,8984,18,1
0,22,4,18,16595,16,8,11,41,5,5,1,7,1,1,2,3,5626,2,2
0,9,3,9,8834,5,7,7,37,0,4,2,1,0,1,4,3,24666,9,1
0,18,2,10,5577,9,9,6,52,1,2,2,3,0,2,2,3,22087,6,4
1,6,2,4,4707,2,2,1,32,0,4,1,8,0,0,4,3,23914,11,4
0,3,1,2,2400,2,1,2,24,6,3,1,0,0,2,3,3,5530,24,4
0,18,2,1,9824,0,0,0,38,4,3,1,3,1,1,3,3,22174,10,3
0,8,2,6,6447,5,3,4,37,3,4,1,6,1,1,2,2,15701,1,2
0,31,5,31,19502,9,9,0,49,7,4,2,1,0,1,3,3,2125,18,4
0,6,1,6,2725,5,4,1,24,1,3,1,1,0,2,2,3,21630,23,2
0,6,2,5,6272,3,4,1,26,0,2,1,1,0,2,4,4,7428,28,1
0,1,1,1,2127,0,0,0,24,2,2,1,1,0,1,4,3,9100,17,4
0,32,5,32,18200,5,7,10,50,5,3,1,1,0,1,3,3,7999,3,1
0,7,1,7,2096,4,6,0,25,6,1,1,1,0,0,3,3,26376,13,2
1,6,1,6,2886,3,2,1,24,2,3,1,1,1,1,4,3,14168,7,1
1,1,1,1,2033,0,0,0,30,6,4,1,1,0,1,3,4,14470,12,2
0,6,1,6,3622,5,3,1,34,1,2,1,1,0,1,4,3,22794,1,2
1,9,2,3,4233,1,2,1,31,0,4,2,2,0,0,3,1,11512,13,2
0,9,2,3,3681,2,2,0,35,2,2,0,4,0,0,4,3,14004,25,1
0,13,2,7,5460,7,7,5,31,0,4,2,4,0,2,4,4,6219,6,1
0,6,1,5,2187,3,3,0,27,1,4,2,0,1,2,3,2,5013,6,1
0,17,2,3,9602,0,0,1,37,0,3,1,4,0,1,3,2,3010,2,4
0,1,1,1,2836,0,0,0,20,1,3,0,1,1,0,4,4,11757,1,4
0,10,2,10,4089,2,2,2,42,4,4,1,1,1,2,2,3,5718,2,3
0,21,4,1,16627,0,0,0,43,7,4,2,4,0,1,3,2,2671,6,2
0,8,1,0,2619,0,0,0,38,1,1,0,3,1,0,4,2,14561,1,3
0,10,2,8,5679,7,7,4,43,2,5,2,3,0,1,2,3,19627,9,4
0,21,4,3,15402,2,2,0,48,5,4,1,7,1,1,1,1,17997,1,4
0,10,2,2,5985,2,2,0,44,8,4,0,4,1,0,2,4,26894,1,1
0,8,1,8,2579,2,6,0,34,6,3,2,1,1,2,4,3,2912,14,3
1,5,1,4,3041,3,2,0,27,6,1,2,0,0,1,2,3,16346,2,3
0,3,1,3,3447,2,2,1,21,6,1,0,1,0,0,3,3,24444,22,3
0,26,5,2,19513,2,1,0,44,5,4,1,4,0,1,1,4,9358,3,4
0,3,1,2,2773,2,2,2,22,1,1,1,0,0,0,4,3,12145,6,1
0,6,2,5,7104,0,2,1,33,0,4,2,0,0,0,4,3,20431,8,3
0,6,2,6,6322,4,5,0,32,1,4,1,1,1,1,4,2,18089,9,1
0,1,1,1,2083,0,0,0,30,1,3,2,1,1,1,3,3,22653,3,3
0,18,2,14,8381,7,10,8,53,0,1,0,7,1,0,4,4,7507,1,4
0,10,1,10,2691,9,8,8,34,1,5,1,1,0,1,4,2,7660,1,2
1,5,2,1,4286,1,0,0,45,0,4,1,2,1,2,4,3,5630,26,1
0,3,1,3,2659,2,2,0,26,2,3,1,1,1,1,3,3,17759,6,3
0,10,3,10,9434,7,8,7,37,3,3,1,1,0,1,3,3,9606,3,3
0,6,2,6,5561,0,2,1,29,0,2,1,1,1,1,1,2,3487,3,2
0,17,2,17,6646,11,8,11,35,1,4,0,1,0,0,2,3,19368,6,2
0,15,2,13,7725,11,7,4,33,4,3,2,3,0,1,3,1,5335,6,3
0,16,3,9,10725,7,1,7,54,8,4,1,2,0,1,3,4,6729,19,3
0,13,2,3,8847,2,2,0,36,3,2,2,2,0,1,3,3,13934,9,2
0,5,1,4,2045,2,1,1,27,1,4,0,0,0,0,4,3,15174,3,1
1,1,1,1,1009,0,1,1,20,1,1,0,1,0,0,4,3,26999,10,4
1,10,1,10,3348,8,7,9,33,1,3,0,1,0,0,1,3,3164,3,1
0,1,1,1,1281,0,0,0,35,2,3,1,1,0,2,3,3,16900,3,3
0,5,1,3,2819,2,2,0,23,1,3,1,2,0,1,1,4,8544,4,1
0,4,2,3,4851,2,2,1,25,0,3,1,0,0,1,3,3,15678,8,4
0,8,2,7,4028,7,5,0,38,0,4,0,0,1,0,1,3,7791,7,4
0,10,1,10,2720,7,8,2,29,1,4,2,1,0,1,4,3,18959,1,2
0,12,2,2,8120,2,2,2,48,0,1,1,3,0,0,4,3,18597,2,2
0,6,2,6,4647,5,4,0,27,0,1,2,1,1,2,2,3,16673,3,4
0,4,1,1,4680,0,0,0,37,1,2,0,3,0,0,1,3,15232,10,4
0,20,1,20,3221,8,8,3,50,2,1,1,1,0,3,3,3,3297,28,4
0,9,3,8,8621,7,7,7,34,4,3,0,1,1,0,2,4,17654,9,4
1,4,2,2,4577,2,0,2,24,0,2,0,9,1,0,1,3,24785,3,1
0,20,2,20,4553,7,10,11,39,4,4,0,1,1,0,1,3,20978,2,4
0,10,2,10,5396,7,8,0,32,0,3,0,1,0,0,4,2,21703,10,4
1,18,2,4,6796,3,3,1,50,0,2,1,3,0,1,1,3,23452,8,2
0,10,2,9,7625,7,8,1,38,4,4,0,0,1,0,3,2,19383,1,2
0,9,3,9,7412,7,7,0,27,3,2,1,1,1,0,4,3,6009,1,3
0,10,3,7,11159,7,7,7,32,7,2,0,3,1,0,4,3,19373,3,3
0,20,2,7,4960,7,7,1,47,0,4,0,2,0,0,4,3,11825,14,4
0,20,3,18,10475,13,12,1,40,0,4,1,5,0,1,3,3,23772,5,4
0,32,4,5,14814,1,3,1,53,7,3,1,3,0,0,3,3,13514,7,3
0,23,5,21,19141,6,6,12,41,5,4,2,3,0,3,2,2,8861,10,2
0,10,2,2,5405,2,2,2,60,0,4,0,8,0,0,4,3,11924,16,1
0,9,3,9,8793,7,7,1,27,3,2,2,1,0,2,3,2,4809,10,4
0,22,5,22,19189,7,10,2,41,5,3,1,1,0,1,2,3,19562,1,4
0,4,1,2,3875,2,2,2,50,6,4,1,7,0,1,4,3,9983,8,4
1,10,1,7,2216,7,7,3,28,1,2,0,7,1,0,4,3,3872,1,1
0,10,3,8,11713,7,5,0,36,7,3,1,9,1,1,1,3,20335,8,1
0,10,3,1,7861,0,0,0,38,3,3,0,4,1,0,4,4,15397,1,3
0,9,1,5,3708,2,4,1,44,2,3,0,2,0,0,3,3,2104,24,1
0,28,4,22,13770,2,13,11,47,0,3,2,9,1,2,4,2,10225,3,4
0,10,2,8,5304,7,7,7,30,0,5,2,7,0,1,4,2,25275,27,3
0,1,1,1,2642,0,0,0,29,6,3,0,1,0,0,3,3,2755,10,3
1,7,1,2,2759,2,2,2,42,1,3,2,6,0,0,4,3,20366,19,3
0,7,2,2,6804,2,2,2,43,0,3,1,3,0,1,3,3,23683,15,4
0,10,2,5,6142,1,3,4,34,4,2,0,3,1,0,4,3,7360,8,2
0,5,1,4,2500,3,2,0,23,2,1,1,1,0,1,4,4,4344,9,2
0,12,2,8,6389,3,6,3,39,8,3,1,9,1,1,3,1,18767,3,3
0,30,4,10,11103,7,1,1,56,4,3,1,7,0,0,3,2,20420,9,3
0,5,1,4,2342,2,3,2,40,1,1,0,0,1,0,4,2,22929,2,4
0,9,2,7,6811,6,7,0,27,4,3,0,8,1,0,1,1,23398,7,4
0,2,1,2,2297,2,2,2,29,6,3,2,1,0,2,4,3,17967,10,4
0,19,2,2,2450,2,2,2,53,2,3,0,2,0,0,4,3,10919,6,4
0,16,2,1,5093,0,0,0,35,4,4,2,2,1,1,1,4,4761,2,4
0,10,2,10,5309,8,7,4,32,2,4,1,1,0,2,4,3,21146,24,1
0,6,1,1,3057,0,1,0,38,1,5,1,6,0,1,2,1,20471,2,4
0,7,2,0,5121,0,0,0,34,3,5,2,3,1,1,3,3,4187,8,2
0,34,4,34,16856,6,16,1,52,5,4,1,1,0,0,1,4,10084,3,3
1,10,1,10,2686,9,8,7,33,1,4,0,1,0,0,3,2,5207,1,4
0,6,2,6,6180,5,4,1,25,0,1,0,1,1,0,2,2,22807,26,3
0,9,2,8,6632,7,1,3,45,6,2,0,0,0,0,1,3,12388,2,2
0,2,1,2,3505,2,2,0,23,1,1,0,1,0,0,4,3,19630,10,1
1,8,2,5,6397,4,3,1,47,0,2,0,4,1,0,4,3,10339,27,2
0,6,2,6,6274,5,4,1,34,0,3,0,1,0,0,3,3,18686,2,4
1,24,5,5,19859,2,4,1,55,5,3,1,5,0,1,4,3,21199,2,4
0,10,3,10,7587,7,9,0,36,0,4,0,1,0,0,2,3,14229,8,1
0,5,1,4,4258,3,2,1,52,1,4,1,0,0,1,1,3,26589,19,4
0,5,1,2,4364,2,0,2,26,2,2,2,3,1,1,1,3,5288,1,1
0,11,2,8,4335,7,1,1,29,4,3,1,4,1,1,1,2,25549,27,2
1,6,2,4,5326,3,2,1,26,0,3,0,6,0,0,3,2,3064,8,4
0,10,1,4,3280,2,3,1,34,1,4,0,2,1,0,3,3,13551,1,2
0,9,2,5,5485,3,4,1,54,3,4,2,9,1,2,2,3,22670,19,4
0,5,2,4,4342,2,1,1,27,0,1,1,0,0,1,2,3,24008,8,3
0,6,1,5,2782,3,3,4,37,1,1,2,0,1,2,2,2,19905,10,4
0,17,2,15,5980,7,12,4,38,3,4,0,6,1,0,4,3,26085,2,1
0,6,1,6,4381,5,3,1,34,1,4,0,1,1,0,3,3,7530,2,3
0,3,1,3,2572,2,2,0,35,6,4,1,1,1,1,2,2,20317,8,1
0,7,1,2,3833,2,2,0,30,2,3,1,3,0,2,3,3,24375,1,4
0,8,2,8,4244,7,7,3,40,4,2,1,1,1,1,4,3,9931,2,3
0,6,2,3,6500,2,2,1,34,0,2,1,5,1,1,2,3,13305,8,3
0,24,5,24,18430,7,9,14,42,5,3,2,1,0,1,2,2,16225,8,2
1,1,1,0,1601,0,0,0,23,2,3,1,1,0,2,3,3,3445,6,3
0,1,1,1,2694,0,0,0,24,2,3,2,1,0,3,3,3,26551,9,3
0,9,2,5,3149,2,4,1,52,2,4,1,8,1,1,2,3,21821,11,4
0,30,4,4,17639,3,3,0,50,7,3,1,5,0,0,4,3,6881,2,3
1,1,1,1,2319,0,0,0,29,2,2,1,1,1,1,4,3,6689,1,2
0,14,3,13,11691,9,7,3,33,7,3,1,0,0,0,4,4,25995,7,3
1,6,2,3,5324,2,2,0,33,0,3,0,5,1,0,3,3,26507,16,1
0,26,4,26,16752,14,0,3,47,5,2,1,1,1,1,3,2,12982,2,3
0,10,2,9,5228,7,5,0,36,3,3,1,0,1,1,1,3,23361,1,3
0,10,1,10,2700,7,7,0,29,1,2,1,1,0,1,3,3,23779,23,3
1,40,5,31,19246,15,8,13,58,7,4,0,7,0,0,4,3,25761,2,4
0,7,1,2,2506,2,2,2,35,1,4,0,3,1,0,3,3,13301,1,4
0,8,2,4,6062,3,2,0,42,3,2,1,9,1,1,4,3,4051,1,4
1,5,1,2,4382,2,1,2,28,1,4,0,6,0,0,4,2,16374,2,3
0,8,1,5,2143,2,4,0,36,8,3,1,4,0,1,2,3,25527,13,3
0,14,2,14,6162,13,8,6,32,3,3,1,1,1,1,3,3,19124,4,3
0,10,2,1,5094,0,0,0,40,2,4,0,6,0,0,4,3,11983,16,1
0,12,2,0,6877,0,0,0,30,3,3,0,5,1,0,2,2,20234,2,3
0,1,1,1,2274,0,0,0,45,1,3,0,1,1,0,4,3,6153,2,2
0,10,2,9,4434,8,8,7,42,3,3,1,1,0,1,4,2,11806,29,2
0,13,2,4,6288,3,2,1,38,4,3,2,2,0,1,3,2,4284,12,1
0,6,1,5,2553,2,3,1,34,1,4,0,1,1,0,3,3,8306,16,3
1,9,3,9,7654,8,7,7,49,0,3,1,1,1,2,1,4,5860,11,3
1,12,2,9,5160,7,3,7,55,0,1,0,4,0,0,3,2,21519,2,3
0,22,4,4,17159,1,0,1,43,7,2,1,6,0,1,3,3,5200,14,2
0,9,3,9,12808,8,8,0,27,7,1,2,1,0,1,2,3,8842,5,3
0,17,3,8,10221,5,6,1,35,3,3,0,3,0,0,2,4,18869,7,3
0,8,2,8,4779,7,5,7,28,0,4,1,1,1,0,1,3,3698,2,2
0,4,1,3,3737,2,2,0,34,8,2,1,0,0,1,3,1,2243,3,3
1,8,1,8,2366,7,7,1,26,1,2,1,1,1,1,1,3,20898,5,3
0,0,1,0,1706,0,0,0,27,1,3,1,1,0,3,3,2,16571,3,4
0,29,4,20,16307,6,17,4,51,5,4,1,2,1,1,3,2,5594,26,1
0,10,2,5,5933,2,3,2,44,4,3,0,9,0,0,4,2,5197,4,4
0,6,1,4,3424,3,1,0,25,1,1,0,7,0,0,3,2,21632,2,1
0,9,2,9,4037,8,8,0,33,0,3,2,1,0,1,1,3,21816,1,1
0,6,1,6,2559,5,1,1,35,1,1,0,1,1,0,4,2,17852,27,3
0,18,2,18,6201,14,11,4,36,0,2,1,1,0,1,4,2,2823,1,2
0,8,2,5,4403,2,3,0,32,0,4,2,2,0,1,3,2,9250,13,2
0,10,1,5,3761,4,3,0,30,1,4,2,9,0,1,2,2,2373,5,2
0,35,3,5,10934,2,4,0,53,0,2,1,7,1,1,4,3,20715,7,1
0,18,3,5,10761,4,2,0,45,0,3,2,4,0,1,3,3,19239,9,4
0,9,2,5,5175,3,3,1,32,1,2,1,5,1,1,3,2,22162,8,3
0,31,4,9,13826,8,0,0,52,3,4,1,3,1,0,3,3,19028,25,3
0,9,2,1,6334,0,0,0,37,0,4,2,4,0,2,4,3,24558,16,4
0,6,1,5,4936,1,4,0,28,8,2,2,1,0,1,4,3,23965,8,2
0,4,2,2,4775,2,2,2,22,3,2,1,6,0,2,1,1,19146,1,4
0,10,1,3,2818,2,2,0,44,2,4,1,2,0,1,3,2,5044,8,1
0,8,1,2,2515,1,2,2,42,1,1,0,5,0,0,4,3,9068,2,2
0,6,1,5,2342,4,3,0,36,8,3,1,0,0,0,3,3,8635,8,1
0,5,2,5,4194,3,3,0,25,0,1,1,1,0,0,4,3,14363,3,3
0,17,3,17,10685,14,15,5,35,3,3,1,1,1,1,2,3,23457,9,4
1,10,1,10,2022,2,8,7,35,1,4,2,1,1,1,1,2,16612,25,4
0,4,1,3,2314,0,2,0,32,2,3,2,0,0,1,2,3,9148,1,4
0,5,2,5,4256,2,3,0,25,0,1,1,1,0,0,1,4,18154,4,3
0,7,1,4,3580,2,2,0,49,1,3,1,2,1,1,2,3,10554,1,3
0,6,1,5,3162,2,4,3,24,2,1,1,0,0,0,4,2,10778,4,1
0,10,2,10,6524,8,3,5,32,0,2,1,1,0,1,4,3,8891,5,2
0,3,1,2,2899,2,2,1,38,6,3,1,0,0,1,4,3,12102,9,2
0,17,2,5,5231,3,3,1,42,2,3,1,2,1,1,2,2,23726,3,3
0,8,1,6,2356,4,2,0,31,1,4,1,3,0,1,2,3,14871,11,4
1,5,1,3,2800,2,2,0,29,6,3,2,6,1,3,3,3,23522,1,2
0,28,4,2,11836,0,2,2,53,0,3,1,5,0,1,3,3,22789,8,1
0,16,3,13,10903,10,8,4,35,3,3,1,3,0,0,1,3,9129,25,4
0,10,1,5,2973,4,0,0,37,6,2,1,5,1,1,2,3,21222,21,3
0,33,4,12,14275,9,8,3,53,7,4,0,6,1,0,3,3,20206,23,4
0,12,2,5,5562,2,2,2,43,4,3,1,4,1,1,2,2,21782,1,4
0,8,2,7,4537,6,7,7,47,0,2,1,0,1,1,1,3,17783,2,3
0,10,3,10,7642,0,9,0,37,0,2,0,1,0,0,4,3,4814,19,1
0,31,4,31,17924,6,7,14,50,5,4,2,1,0,1,4,3,4544,2,1
0,13,2,5,5204,4,4,0,39,8,3,1,8,1,2,3,3,7790,2,4
0,7,1,4,2277,3,3,0,33,8,2,2,3,0,1,3,4,22650,3,4
1,1,1,1,2795,0,1,0,32,2,4,0,1,0,0,3,1,18016,25,1
0,8,1,4,2532,3,3,0,29,2,1,2,6,1,3,3,3,6054,7,1
0,8,1,8,2559,7,1,7,44,1,2,1,1,0,0,4,3,7508,9,2
0,4,2,4,4908,2,2,0,28,0,4,0,1,0,0,2,3,24252,5,1
1,3,1,1,2380,0,0,0,58,2,1,2,9,0,1,4,2,13384,2,4
0,4,2,1,4765,0,0,0,43,3,3,2,4,1,1,3,4,23814,8,1
1,2,1,2,2044,2,2,0,20,6,3,0,1,1,0,4,2,22052,2,3
1,1,1,1,2693,0,0,0,21,1,1,0,1,1,0,1,2,8870,18,4
0,17,2,16,6586,8,11,4,36,4,1,1,0,0,1,1,2,4821,14,3
0,3,1,3,3294,2,2,1,47,6,4,0,1,1,0,1,2,13137,2,4
1,4,2,3,4171,2,2,0,22,3,1,1,0,1,1,1,4,10022,3,2
1,10,1,7,2778,7,0,1,41,2,4,2,4,1,1,3,2,17725,2,2
0,6,1,2,2377,2,2,2,28,1,3,2,5,1,1,2,3,9834,9,3
1,8,1,2,2404,2,2,2,39,2,3,1,7,0,0,4,1,4303,6,4
0,1,1,1,2318,1,0,0,27,1,3,0,1,1,0,3,3,17808,4,2
0,1,1,1,2008,0,0,1,34,2,3,2,1,0,2,2,3,6896,10,2
0,10,2,5,6244,4,3,0,42,0,2,0,7,1,0,1,3,7824,14,3
0,6,1,3,2799,2,2,0,33,1,4,0,3,0,0,2,3,3339,1,3
0,24,3,6,10552,0,4,0,58,4,3,2,2,1,1,4,3,9255,5,3
0,13,1,7,2329,7,2,5,31,6,4,1,3,0,0,2,4,11737,7,2
0,10,2,10,4014,6,7,0,35,4,1,1,1,1,1,4,1,19170,21,4
0,29,3,26,7403,9,7,1,49,2,2,1,4,1,1,3,2,22477,8,1
0,13,1,0,2259,0,0,0,48,1,4,1,4,0,2,1,2,5543,20,4
0,9,2,9,6932,8,0,0,31,0,2,1,1,1,1,4,2,24406,20,4
0,8,1,6,4678,2,1,0,36,1,4,0,2,0,0,3,3,23293,7,2
0,15,3,15,13582,12,11,5,38,7,3,1,1,1,1,2,3,16292,1,4
0,5,1,3,2332,0,2,0,32,2,3,1,6,1,0,3,3,3974,1,3
1,1,1,1,2413,0,0,0,25,6,2,1,1,0,3,3,3,18798,19,3
0,11,3,1,9705,0,0,0,40,0,4,2,2,0,1,2,2,20652,10,1
0,7,2,7,4294,7,7,0,26,0,3,0,1,0,0,2,3,11148,1,3
0,20,1,18,4721,13,17,2,41,2,3,0,2,0,0,3,3,3119,6,4
0,16,1,11,2519,8,9,3,36,2,4,0,4,0,0,3,3,12287,2,3
1,1,1,1,2121,0,0,0,19,6,3,0,1,0,0,2,4,9947,21,4
1,1,1,1,2973,0,0,0,20,2,3,0,1,0,0,2,3,13008,4,1
0,10,2,9,5855,7,5,8,31,4,3,1,0,1,2,3,1,17369,12,4
0,3,1,1,3617,1,0,0,40,1,4,2,8,0,1,4,3,25063,9,4
0,8,2,8,6725,7,3,6,32,3,4,1,1,1,1,3,4,13554,3,3
1,16,3,16,10325,7,7,3,36,0,1,1,1,0,1,1,3,5518,3,3
0,6,2,5,6949,0,4,1,33,4,3,0,0,1,0,1,3,12291,1,2
1,17,3,14,10609,1,7,11,37,0,4,1,5,0,0,3,1,14922,1,1
0,9,2,9,4447,7,8,0,45,2,2,1,1,0,0,2,2,23163,4,3
0,3,1,3,2157,1,2,0,29,6,3,1,1,1,1,2,3,18203,20,3
0,5,2,5,4601,2,0,1,35,0,3,1,1,1,0,2,3,6179,18,3
0,26,4,9,17099,8,8,7,52,5,2,1,2,0,1,2,2,13829,1,4
1,7,1,1,2479,0,0,0,58,1,3,0,4,0,0,1,3,26227,2,4
0,22,4,17,14852,13,2,15,53,5,2,2,6,0,1,3,4,13938,2,3
0,10,3,8,7264,4,7,7,30,0,2,2,5,0,1,1,4,9977,8,3
0,6,2,5,5666,3,3,1,38,0,3,0,1,1,0,2,3,19899,10,3
0,12,3,10,7823,9,8,0,35,0,4,2,6,0,1,2,3,6812,3,4
0,9,3,8,7880,7,7,0,39,0,5,0,0,0,0,4,3,2560,2,1
1,22,4,1,13194,0,0,0,40,0,3,0,4,1,0,4,2,17071,24,2
0,20,2,19,5067,10,7,2,47,3,4,2,1,0,0,3,4,6759,16,3
0,12,2,7,5079,7,7,0,36,0,4,2,4,0,2,4,3,25952,8,1
1,4,1,3,2321,2,2,1,31,1,2,0,0,0,0,1,3,10322,9,3
0,10,4,10,17444,8,0,6,33,5,3,0,1,0,0,4,3,20489,17,4
1,3,1,0,2404,0,0,0,29,1,3,0,6,1,0,3,3,11479,10,4
0,5,1,3,3452,2,2,0,33,1,1,0,3,1,0,1,3,17241,13,2
0,8,1,5,2270,3,2,0,45,2,4,2,3,1,2,4,3,11005,1,4
0,32,4,5,17399,4,3,1,50,7,2,2,9,0,1,3,2,6615,1,4
0,6,2,6,5488,5,2,1,33,4,4,1,1,1,1,1,3,20161,1,3
0,21,5,18,19419,16,11,0,41,7,3,2,2,0,1,2,4,3735,9,1
0,4,1,2,2811,2,2,2,27,2,4,1,9,1,1,2,3,12086,16,3
0,9,2,9,3633,8,8,0,45,2,2,1,1,0,1,3,3,14039,23,4
0,9,2,9,4163,0,7,0,47,0,2,0,1,1,0,3,3,8571,4,4
1,7,1,5,2132,2,1,0,30,1,3,1,4,1,0,2,3,11539,22,1
0,22,4,12,13973,11,5,1,50,3,3,1,3,0,1,4,3,4161,24,4
0,3,1,2,2684,1,2,0,38,1,1,1,0,0,1,2,2,12127,10,3
0,13,3,8,10845,7,7,0,46,3,2,2,6,0,1,2,3,24208,7,4
0,5,2,4,4377,2,2,3,24,3,1,2,1,1,2,2,3,24117,17,4
1,5,1,4,3743,2,2,0,35,2,4,2,1,0,1,4,1,10074,14,3
0,4,2,4,4148,3,3,0,31,3,1,1,1,1,1,3,3,11275,1,3
0,0,1,0,1051,0,0,0,18,1,2,0,1,0,0,4,3,13493,5,2
0,22,3,10,10739,7,8,0,54,3,3,1,8,1,1,3,3,13943,17,3
0,16,3,16,10388,10,1,10,35,4,4,2,1,1,1,3,2,6975,25,3
0,9,3,8,11416,7,7,1,30,7,2,1,0,1,3,3,2,17802,8,2
1,1,1,1,2600,0,0,0,20,1,3,0,1,1,0,1,3,18275,11,4
1,4,1,3,2422,2,2,1,30,2,3,0,0,1,0,1,3,25725,5,2
0,8,2,8,5472,7,3,1,26,3,2,1,1,0,0,2,3,3334,2,4
0,4,1,4,2451,3,1,1,22,2,1,1,1,0,1,1,2,6881,8,2
0,19,2,2,4240,2,2,2,48,4,3,0,2,0,0,4,3,13119,6,1
0,27,3,15,10999,11,8,4,48,4,4,0,7,0,0,2,3,22245,4,3
0,8,2,2,5003,2,1,2,41,3,2,0,6,1,0,2,3,23371,7,4
0,21,4,21,12742,6,8,11,39,3,1,1,1,1,1,3,3,7060,1,4
0,4,2,3,4227,2,2,2,27,3,4,1,0,1,1,2,3,4658,2,1
0,3,1,3,3917,2,2,1,35,2,3,2,1,0,1,1,2,9541,10,2
0,21,5,1,18303,0,0,0,42,5,2,1,6,0,0,2,4,7770,5,4
0,8,1,1,2380,0,0,0,50,2,3,1,4,0,0,2,3,20165,9,1
0,30,4,5,13726,3,3,4,59,3,3,0,3,1,0,1,3,21829,2,3
1,15,2,1,4777,0,0,0,37,4,2,1,5,1,0,1,1,14382,11,1
0,17,2,8,6385,7,7,6,55,4,4,1,3,0,2,4,3,12992,18,3
0,21,5,21,19973,16,10,5,41,7,1,2,1,1,2,2,3,20284,7,2
0,19,2,1,6861,0,0,0,38,0,4,0,8,0,0,3,3,4981,3,2
1,7,2,2,4969,2,2,2,26,0,2,0,8,0,0,4,3,21813,29,2
1,33,5,32,19845,14,9,6,52,5,1,1,1,1,1,4,3,25846,2,1
0,23,4,12,13320,11,11,11,44,0,3,1,3,1,1,3,3,11737,28,4
0,19,2,18,6347,7,13,0,50,0,3,1,0,1,1,1,3,24920,1,4
1,18,1,17,2743,13,14,15,36,2,4,0,1,1,0,3,3,8269,16,3
0,21,3,21,10880,6,8,2,39,3,3,0,1,1,0,3,3,5083,22,4
0,3,1,2,2342,2,2,2,33,6,1,0,0,1,0,4,2,21437,8,2
0,26,4,9,17650,3,1,1,45,5,2,1,3,1,1,2,4,5404,11,4
0,10,1,8,4025,7,7,7,32,2,4,0,9,1,0,2,3,11135,29,4
0,16,2,15,9725,1,9,0,34,0,4,2,0,0,1,4,2,12278,1,2
0,14,3,6,11904,4,4,0,59,5,2,1,3,0,1,3,1,11038,1,2
0,6,1,6,2177,3,4,0,45,8,4,0,1,0,0,1,3,8318,24,2
0,30,3,15,7525,7,12,6,53,0,3,1,2,1,1,1,3,23537,2,3
1,9,2,1,4834,0,0,0,36,2,3,2,7,0,1,2,2,7858,15,1
1,6,1,3,2042,2,2,1,26,1,3,1,6,0,1,2,3,15346,2,1
0,1,1,1,2220,1,0,0,34,6,4,1,1,1,1,4,3,18410,10,3
0,1,1,1,1052,0,0,0,28,6,1,1,1,0,0,2,3,23384,10,4
0,8,1,2,2821,2,2,2,38,1,4,1,3,0,1,1,3,2997,3,3
0,29,5,8,19237,1,7,7,50,7,4,1,2,0,1,4,2,12853,2,2
0,8,2,4,4107,3,1,0,37,4,3,0,3,1,0,1,2,13848,3,4
0,8,2,7,8396,7,5,7,40,0,3,1,1,0,1,2,2,22217,26,3
0,5,1,5,2007,3,3,1,26,1,1,2,1,1,2,3,3,25265,1,1
0,23,5,2,19627,2,2,2,46,7,4,2,9,0,2,4,3,21445,1,4
0,13,3,9,10686,4,0,7,54,0,4,1,6,1,1,2,3,8392,2,3
0,18,1,5,2942,4,3,0,56,1,3,1,2,1,1,2,3,12154,9,1
0,15,3,14,8858,8,8,7,36,3,5,0,0,1,0,2,2,15669,12,4
0,31,4,9,16756,7,2,6,55,5,1,0,7,0,0,2,4,17323,2,3
0,18,3,1,10798,0,0,0,43,0,3,2,5,0,1,3,3,5268,25,3
1,2,1,2,2323,2,2,0,20,6,3,0,1,1,0,2,3,17205,9,4
1,1,1,1,1416,0,0,1,21,2,3,0,1,1,0,1,2,17258,10,3
0,19,2,16,4615,13,7,1,46,1,4,2,8,1,3,1,3,21029,8,4
1,18,1,10,2461,0,7,2,51,1,4,1,9,0,3,3,4,10332,4,1
1,10,3,10,8722,7,9,1,28,4,2,0,1,0,0,1,2,12355,24,2
0,6,1,5,3955,3,3,1,26,2,2,1,1,0,2,1,3,11141,1,1
0,7,2,6,9957,2,2,0,30,3,3,1,0,0,1,3,2,9096,20,3
0,10,1,10,3376,6,8,0,41,1,2,1,1,1,0,3,3,18863,7,2
0,20,3,19,8823,9,9,1,38,4,1,1,0,1,1,1,2,24608,17,3
0,14,3,11,10322,10,1,11,40,4,4,1,4,0,1,4,3,26542,20,1
0,3,1,3,4621,2,2,1,27,2,5,1,1,0,3,4,3,5869,8,1
0,23,3,3,10976,2,2,1,55,3,1,1,3,0,1,2,3,15813,2,4
0,10,2,8,3660,7,7,1,28,1,3,0,3,1,0,4,4,7909,10,3
1,24,3,20,10482,6,6,3,44,8,2,1,9,0,1,4,3,2326,1,2
0,9,3,3,7119,2,2,1,33,4,3,2,4,0,1,3,3,21214,5,4
1,9,3,8,9582,7,7,4,35,0,3,0,0,0,0,1,3,10333,4,4
1,14,2,13,4508,7,8,3,33,1,4,0,1,1,0,2,3,3129,29,1
0,4,1,4,2207,2,2,2,28,2,2,2,1,0,1,4,2,22482,15,1
0,7,2,6,7756,2,4,0,34,4,1,0,0,0,0,3,2,22266,3,1
0,8,2,1,6694,0,0,0,37,0,4,2,2,1,3,3,3,24223,10,4
1,7,1,7,3691,7,6,5,25,2,1,1,1,0,1,2,4,4605,4,4
1,1,1,1,2377,1,0,0,26,2,3,2,1,0,1,3,2,19373,21,1
1,5,1,2,2313,2,2,2,33,1,3,0,4,0,0,2,3,2993,25,1
0,23,4,22,17665,6,7,13,42,5,2,1,0,0,1,4,3,14399,2,4
1,1,1,1,2596,0,0,0,28,2,3,2,1,0,2,1,3,7160,1,1
1,5,2,0,4728,0,0,0,50,0,4,0,3,0,0,4,3,17251,1,4
0,4,2,3,4302,2,2,0,33,0,3,1,0,1,1,3,3,13401,7,4
0,6,1,0,2979,0,0,0,34,1,4,1,3,0,3,4,3,22478,3,3
0,27,4,5,16885,4,1,2,48,5,4,0,2,0,0,3,2,16154,1,1
0,15,2,15,5593,10,12,4,45,0,4,1,1,1,1,4,3,17970,9,2
0,18,3,8,10445,6,0,4,52,4,4,0,7,0,0,4,3,15322,7,2
0,9,3,8,8740,7,7,2,38,0,4,2,0,0,2,2,3,5569,10,3
0,11,1,7,2514,5,7,1,29,1,4,2,4,1,1,1,3,26968,28,3
0,10,3,9,7655,7,7,1,28,3,3,2,0,1,3,2,2,8039,3,4
0,23,4,12,17465,9,9,4,46,5,1,1,3,0,1,4,3,15596,3,1
0,10,3,1,7351,0,0,0,38,0,2,0,7,0,0,3,3,20619,2,4
0,18,3,8,10820,7,1,0,43,3,3,1,8,1,1,3,3,11535,27,3
1,21,4,18,12169,7,5,11,39,4,3,2,7,0,3,4,3,13547,2,1
0,21,5,20,19626,7,9,4,40,7,3,0,1,0,0,1,4,17544,14,3
0,2,1,2,2070,2,2,2,21,1,1,0,1,1,0,3,4,25326,1,4
0,9,2,5,6782,4,3,0,39,2,3,0,9,0,0,3,2,8770,9,3
0,18,2,11,7779,9,9,0,36,3,4,0,2,0,0,1,3,23238,18,1
0,3,1,2,2791,2,2,2,31,6,3,1,0,0,1,1,3,21981,20,3
0,6,1,5,3201,3,4,0,28,1,1,1,0,0,0,1,1,19911,2,1
0,5,2,5,4968,2,2,0,35,0,2,2,1,0,1,4,3,18500,11,4
0,22,4,9,13120,8,3,2,49,0,4,1,6,0,1,2,3,11879,8,4
0,5,2,3,4033,2,2,0,34,3,2,0,2,0,0,4,2,15834,2,4
0,8,1,7,3291,5,1,1,29,1,3,2,0,1,2,4,2,17940,10,4
0,16,2,1,4272,0,0,0,42,2,3,0,4,0,0,1,3,9558,29,2
0,10,2,10,5056,7,2,1,29,3,1,1,1,0,1,3,2,17689,8,2
0,7,1,7,2844,6,0,5,38,8,3,1,1,0,1,4,4,6004,1,3
0,3,1,3,2703,1,2,0,28,1,3,2,1,0,1,4,3,22088,6,3
1,0,1,0,1904,0,0,0,18,2,1,0,1,0,0,4,3,13556,8,3
1,6,2,5,8224,2,3,0,33,0,4,0,0,1,0,1,3,18385,9,1
0,6,1,1,4766,0,0,0,41,2,4,1,3,0,1,1,3,9051,12,2
1,2,1,2,2610,2,2,2,31,2,3,1,1,0,1,3,2,6233,15,3
0,9,2,6,5731,2,3,1,37,4,2,2,7,1,2,3,3,17171,25,3
0,4,1,4,2539,2,2,2,27,1,3,1,1,0,1,3,3,7950,6,4
0,6,2,6,5714,5,3,1,34,0,1,1,1,1,0,1,2,5829,9,2
0,6,1,5,4323,4,4,1,35,8,4,0,1,0,0,2,1,7108,8,3
1,11,3,11,7336,8,10,3,29,0,1,1,1,1,1,1,1,11162,23,4
0,20,3,18,13499,7,13,2,40,7,4,0,9,1,0,3,2,13782,9,2
1,22,4,21,13758,9,14,13,42,0,3,0,0,0,0,2,2,2447,12,3
0,9,2,6,5155,4,5,1,42,0,4,0,7,0,0,4,4,2253,4,2
0,10,1,8,2258,0,7,1,35,2,4,1,6,0,1,2,3,16340,1,4
0,6,1,4,3597,3,2,1,24,2,3,0,8,0,0,4,3,6409,24,4
1,1,1,1,2515,1,0,0,28,2,1,1,1,1,0,4,2,22955,12,3
0,8,1,8,4420,7,7,0,26,2,4,1,1,0,1,2,3,13421,3,1
0,10,2,10,6578,3,4,1,30,0,3,1,1,0,1,1,3,2706,10,3
0,16,2,1,4422,1,0,0,40,1,2,1,3,1,1,4,1,21203,26,3
0,15,3,7,10274,7,4,6,35,3,3,2,2,0,1,2,4,19588,2,3
0,14,2,13,5343,9,9,4,34,4,3,0,0,0,0,3,3,25755,1,4
0,2,1,2,2376,2,2,2,35,2,4,1,1,0,1,2,4,26537,4,4
1,7,2,4,5346,3,3,1,43,0,3,0,8,1,0,2,2,9489,9,1
0,1,1,1,2827,0,0,0,32,6,1,2,1,1,3,3,3,14947,2,3
0,28,5,5,19943,2,2,4,56,5,4,2,4,1,1,4,3,18575,4,4
0,10,1,10,3131,8,8,0,29,2,1,1,1,1,1,1,3,26342,6,2
0,1,1,1,2552,1,0,0,19,1,2,0,1,0,0,3,3,7172,9,3
0,7,1,3,4477,2,2,0,45,1,3,1,4,1,1,3,2,20100,7,1
0,14,2,14,6474,8,11,3,37,3,3,1,1,1,1,2,2,9961,1,4
0,2,1,2,3033,2,2,1,20,2,3,0,1,0,0,1,2,12828,3,1
1,6,1,6,2936,4,2,0,44,1,4,0,1,0,0,3,3,10826,10,3
0,26,5,7,18606,7,7,4,53,5,2,2,3,1,1,2,3,18640,7,4
0,6,1,5,2168,4,3,1,29,1,1,1,0,1,1,1,2,26933,15,2
1,1,1,0,2853,0,0,0,22,1,4,1,0,0,1,2,3,4223,3,3
0,28,4,26,17048,15,9,15,46,5,3,1,8,1,0,1,3,24097,2,3
0,6,1,0,2290,0,0,0,44,1,3,0,2,0,0,4,3,4279,17,4
0,5,1,5,3600,4,4,1,33,8,3,1,1,0,1,4,3,8429,2,2
1,5,1,1,2107,0,0,0,41,1,2,2,6,0,1,1,1,20293,5,1
0,8,2,4,4115,3,3,0,30,0,4,2,8,0,3,3,3,13192,29,3
0,5,2,0,4327,0,0,0,40,0,4,1,5,0,3,4,3,25440,2,2
0,32,4,2,17856,2,2,2,50,5,3,1,2,1,1,3,3,9490,2,4
0,6,1,6,3196,5,3,3,28,2,4,1,1,0,3,3,3,12449,19,4
0,25,5,4,19081,2,3,0,46,7,2,1,5,0,1,1,3,10849,15,4
0,15,2,7,8966,7,7,1,35,0,4,1,3,0,3,4,3,21026,17,3
1,1,1,1,2210,0,0,0,24,2,2,1,1,1,1,1,1,3372,17,4
0,10,2,10,4539,7,1,0,33,0,3,1,1,1,1,1,2,4905,25,2
0,7,1,7,2741,7,7,1,36,2,4,2,1,0,1,3,3,6865,6,3
0,10,2,10,3491,7,9,8,30,2,4,2,1,0,3,1,2,11309,7,3
0,20,2,20,4541,11,17,13,44,1,4,0,1,0,0,2,3,7744,29,4
0,2,1,2,2678,1,2,2,20,6,3,0,1,0,0,4,3,5050,21,3
0,12,2,6,7379,3,4,1,46,3,4,2,2,0,1,3,2,17433,2,4
0,10,2,4,6272,3,3,0,42,8,5,1,7,0,1,1,4,12858,2,4
0,12,2,11,5220,7,9,1,60,0,4,2,0,0,1,2,3,10893,7,2
0,2,1,2,2743,2,2,2,32,2,3,1,1,1,1,3,3,7331,13,3
0,10,2,8,4998,7,7,0,32,1,2,0,4,1,0,4,3,2338,2,4
0,17,3,7,10252,7,7,7,36,3,3,2,2,1,1,3,3,4235,1,3
0,15,1,14,2781,10,10,4,33,1,3,1,0,0,1,2,3,6311,9,1
0,7,2,5,6852,1,3,1,40,0,3,2,7,1,1,2,4,11591,10,2
0,5,2,4,4950,3,1,1,25,0,4,0,0,0,0,2,3,20623,10,3
0,12,1,11,3579,9,7,5,30,1,3,1,0,0,1,1,3,9369,1,4
0,20,3,1,13191,0,0,0,42,7,5,1,3,1,0,3,3,23281,26,1
0,16,3,13,10377,2,12,4,35,0,2,1,4,1,1,2,2,13755,8,3
0,9,1,9,2235,7,8,6,27,1,3,1,1,0,2,4,2,14377,14,1
0,33,3,5,10502,4,4,1,54,3,4,2,7,1,1,1,1,9659,1,4
0,10,1,10,2011,5,7,7,44,1,1,1,1,1,1,4,3,19982,2,1
1,1,1,1,1859,1,0,0,19,1,3,0,1,1,0,2,4,6148,10,1
0,3,1,3,3760,2,2,1,29,1,3,2,1,1,3,1,3,5598,1,1
0,36,4,10,17779,9,9,0,54,7,3,1,3,0,0,1,3,23474,3,4
0,6,2,6,6833,5,1,0,31,4,2,1,1,0,0,4,2,17089,11,3
0,10,2,10,6812,9,8,1,31,4,3,0,1,1,0,2,3,17198,24,3
0,13,2,6,5171,1,5,0,59,0,3,0,5,1,0,4,3,16490,3,3
0,25,5,8,19740,7,7,0,43,7,3,1,3,0,1,2,3,18625,3,3
0,23,5,1,18711,0,0,0,49,5,2,1,2,0,1,3,4,12124,4,1
0,12,1,11,3692,10,7,0,36,1,3,1,1,0,0,3,2,9256,3,3
0,7,1,1,2559,0,0,0,48,2,2,0,5,0,0,3,2,16620,2,4
0,5,1,5,2517,3,3,0,27,1,2,2,1,0,3,2,3,3208,4,1
0,6,2,6,6623,0,0,1,29,4,3,2,1,0,2,2,3,4204,7,3
0,25,5,1,18265,0,0,0,48,7,3,0,6,0,0,3,4,8733,1,4
0,9,4,7,16124,7,7,1,29,7,3,2,3,1,2,2,2,3423,1,4
0,2,1,1,2585,0,0,0,34,1,3,1,0,1,0,4,2,21643,20,3
0,26,5,22,18213,9,10,3,44,5,3,1,7,0,1,3,3,8751,5,2
0,10,3,9,8380,8,8,0,33,0,5,2,0,0,2,4,3,21708,10,4
0,1,1,1,2994,0,1,0,19,1,3,0,1,1,0,4,3,21221,25,2
0,1,1,1,1223,0,1,0,23,1,2,1,1,0,1,4,3,16901,1,4
1,1,1,1,1118,0,0,1,25,6,1,0,1,0,0,4,3,8040,24,3
0,8,1,8,2875,5,2,2,26,1,2,0,1,0,0,2,2,9973,4,3
1,26,5,24,18824,10,11,1,45,5,3,0,2,1,0,1,3,2493,2,1
0,34,4,33,13577,9,0,15,55,4,1,2,1,0,1,4,3,25592,8,4
1,2,1,2,2625,2,2,2,21,2,2,0,1,1,0,3,1,25308,10,1
0,26,5,11,18789,4,8,0,46,5,2,1,2,1,1,3,3,9946,4,4
0,4,2,3,4538,2,2,0,34,0,3,0,0,1,0,4,3,6039,2,3
0,31,5,29,19847,10,10,11,51,5,3,2,4,0,1,1,2,19196,9,4
0,25,3,9,10512,7,4,5,59,3,4,0,6,0,0,4,2,20002,18,4
0,15,2,11,4444,8,10,5,34,2,3,2,4,1,2,3,4,22534,19,3
0,5,1,4,2154,2,2,0,28,2,4,0,0,0,0,3,2,6842,1,4
0,26,5,25,19190,9,13,14,44,5,2,2,1,0,2,4,2,17477,4,3
0,14,2,10,4490,9,8,1,34,8,3,1,4,0,2,4,4,21833,11,3
0,4,1,3,3506,2,2,2,35,1,1,1,0,0,0,4,3,6020,6,3
0,18,2,1,2372,0,0,0,42,1,4,1,6,1,0,4,3,5628,7,2
0,23,3,21,10231,7,17,15,43,0,4,0,3,1,0,4,4,20364,4,4
0,18,2,16,5410,14,12,5,36,3,4,0,9,1,0,4,3,2323,2,3
1,10,3,10,7978,7,5,0,44,4,3,1,1,1,1,4,3,14075,15,1
0,2,1,2,3867,2,2,2,28,2,3,1,1,0,1,2,3,14222,2,4
0,8,1,7,2838,0,7,7,51,2,2,0,0,1,0,2,2,4257,6,2
0,10,2,8,4695,4,7,1,30,3,2,0,7,1,0,3,3,12858,9,3
1,10,1,7,3339,7,7,7,29,2,3,2,3,1,2,1,3,17285,7,2
0,5,1,3,2080,2,2,1,28,1,3,0,2,0,0,2,2,4732,1,4
0,2,1,2,2096,2,1,2,25,1,3,0,1,1,0,4,2,18830,1,4
0,10,2,10,6209,7,8,0,32,0,3,1,1,0,2,3,4,11693,8,3
0,22,5,0,18061,0,0,0,45,5,3,0,3,1,0,3,3,13035,25,2
0,21,4,19,17123,9,2,15,39,5,4,2,6,1,2,4,3,17334,13,3
0,2,1,2,2372,2,2,2,58,1,4,2,1,0,2,4,3,26076,23,1
1,10,2,10,4883,4,1,1,32,2,2,1,1,0,1,1,3,22845,7,4
1,6,1,5,3904,2,3,0,39,1,3,0,0,0,0,1,3,22154,23,3
0,10,2,9,4627,2,7,6,30,2,3,1,0,1,1,1,3,23631,6,1
0,10,3,7,7094,7,7,1,36,4,4,1,3,1,0,1,3,5747,10,4
0,10,1,7,3423,6,7,5,46,8,2,0,6,1,0,3,4,22957,1,4
0,10,2,9,6674,8,5,7,28,2,3,1,0,1,3,1,3,16392,1,3
0,25,4,3,16880,2,2,1,50,7,3,1,4,1,0,2,3,22422,28,4
1,9,3,5,9094,4,0,1,40,0,4,0,2,0,0,3,3,17235,25,4
1,10,3,8,8446,7,7,7,52,0,3,0,9,0,0,3,2,21534,5,2
0,9,3,9,11916,1,8,0,30,5,4,1,1,1,2,4,3,25927,17,2
0,9,2,8,4534,7,7,1,39,3,2,0,0,0,0,1,3,13352,18,1
0,10,3,10,9852,8,6,9,31,0,4,2,1,1,1,1,2,8935,2,4
0,19,2,19,6151,2,9,11,41,0,2,0,1,0,0,1,3,22074,10,3
1,3,1,3,2302,2,2,2,31,6,3,0,1,1,0,1,4,8319,1,4
1,10,1,3,2362,2,2,1,44,2,3,1,4,0,0,3,4,14669,3,1
0,21,4,20,17861,8,10,2,42,5,1,1,0,0,0,4,2,26582,2,3
0,23,5,19,19187,9,11,9,55,5,2,1,4,1,1,4,3,6992,2,4
0,36,5,7,19717,3,7,7,56,5,4,0,6,0,0,1,3,4022,8,4
0,6,1,4,3544,2,0,0,40,1,2,2,9,0,1,2,3,8532,16,3
0,10,3,9,8500,7,6,1,34,4,3,2,0,0,1,4,2,5494,9,4
0,9,2,9,4661,8,8,8,40,1,3,0,1,0,0,3,3,22455,2,3
0,10,2,9,4103,3,7,1,41,0,3,2,0,1,1,4,3,4297,1,3
0,9,2,9,4249,6,1,1,35,1,4,0,1,0,0,2,3,2690,4,3
0,33,4,33,14026,9,10,0,51,5,3,2,1,0,1,2,3,17588,5,3
0,11,2,7,6893,7,7,1,38,0,2,2,3,1,1,4,3,19461,2,2
0,10,2,10,6125,8,6,9,34,0,2,0,1,1,0,4,4,23553,15,3
0,7,1,3,3669,2,2,1,25,2,1,1,3,0,3,3,2,9075,19,4
1,31,3,10,10008,9,9,5,58,3,4,1,7,1,0,4,2,12023,7,3
0,7,1,4,2387,2,3,0,40,2,4,1,3,0,1,3,3,6762,1,2
0,17,2,15,4639,7,13,6,36,0,3,1,2,1,1,4,2,2261,7,1
0,11,3,10,7898,9,8,0,48,3,3,0,1,0,0,3,3,18706,4,4
0,5,1,1,2534,0,0,0,27,6,3,1,8,1,1,2,3,6527,11,3
0,29,4,5,13142,2,3,0,51,3,2,0,3,1,0,2,2,24439,11,4
0,0,1,0,1611,0,0,0,18,2,3,0,1,1,0,3,4,19305,1,4
0,10,2,9,5363,7,0,0,35,2,3,1,0,1,1,2,3,10846,1,4
0,8,2,6,5071,2,0,0,27,0,1,0,3,0,0,2,3,20392,2,4
1,24,4,19,13695,7,8,3,55,0,4,0,6,0,0,3,2,9277,13,1
0,33,4,19,13402,16,9,15,56,3,3,1,4,0,1,1,3,18235,23,4
0,5,1,5,2029,4,0,0,34,1,1,2,1,1,3,3,3,15891,26,1
0,15,2,12,6377,11,8,11,40,4,1,2,5,1,3,2,3,13888,2,2
0,10,2,8,5429,7,7,7,34,2,3,1,4,0,2,1,3,17491,29,2
1,3,1,1,2785,0,0,0,31,6,3,0,7,1,0,3,4,11882,2,3
1,5,2,4,4614,2,2,3,35,0,4,1,0,1,1,3,2,23288,18,4
0,4,1,4,2610,2,3,0,38,1,3,2,1,0,3,4,3,15748,7,4
0,14,2,14,6687,11,11,4,34,4,4,0,1,1,0,4,4,6163,2,3
0,5,2,5,4724,3,4,0,28,0,3,1,1,0,1,3,3,24232,26,3
1,10,2,10,6179,2,7,6,31,3,4,1,1,0,2,4,2,21057,22,4
0,8,2,5,6120,4,4,1,39,0,4,1,3,0,2,4,4,3567,21,1
0,14,3,4,10596,2,2,3,51,0,3,1,2,0,0,2,3,15395,2,2
0,12,2,6,5467,2,3,3,41,1,3,2,3,1,2,1,2,13953,22,4
0,8,1,6,2996,4,3,1,37,1,1,1,7,0,0,4,3,5182,4,3
0,8,2,5,9998,4,2,1,33,0,1,1,6,0,0,1,4,19293,5,2
0,4,2,3,4078,2,2,1,32,0,1,1,0,0,3,1,2,20497,2,3
0,13,3,6,10920,4,5,0,39,4,2,1,3,0,1,2,3,3449,25,3
0,6,2,3,6232,2,2,1,25,0,1,1,2,0,0,2,2,12477,18,1
0,24,4,5,13247,3,2,0,52,3,2,1,2,1,1,2,2,9731,28,4
0,20,2,20,4081,7,8,1,43,1,3,0,1,1,0,1,1,20003,6,1
0,6,2,6,5769,2,4,4,27,0,3,1,1,1,0,4,3,7100,10,4
1,8,1,8,2394,2,7,7,27,1,4,0,1,1,0,4,3,25681,17,4
0,5,1,4,3904,3,1,1,26,1,1,0,0,0,0,4,3,4050,2,1
0,21,4,20,16799,7,9,0,42,5,3,1,0,1,1,3,3,16616,10,3
0,12,1,5,2950,4,4,0,52,2,4,1,9,1,0,3,1,17363,8,3
0,8,1,3,3629,2,2,0,37,2,3,0,4,1,0,1,3,19106,11,1
0,10,3,2,9362,2,2,2,35,3,2,0,2,0,0,3,3,19944,18,3
0,7,1,3,3229,2,2,0,25,2,3,1,4,0,1,2,2,4910,1,1
0,8,1,7,3578,7,7,0,26,2,3,0,0,0,0,4,3,23577,7,3
0,10,3,10,7988,9,9,0,29,8,3,0,1,0,0,1,2,9769,17,2
1,20,2,4,4284,3,3,1,49,2,2,0,3,0,0,1,3,22710,28,1
1,9,3,8,7553,7,7,7,29,4,1,0,0,1,0,1,3,22930,14,3
0,29,4,20,17328,7,7,12,54,7,3,0,6,1,0,4,2,5652,1,4
0,32,5,9,19701,8,5,1,58,7,3,1,3,1,1,3,3,22456,1,4
0,31,4,7,14732,7,0,0,55,7,4,2,2,0,2,4,4,12414,1,2
0,15,2,5,9278,4,1,0,36,0,4,0,3,1,0,4,3,20763,3,1
1,1,1,1,1359,0,0,0,31,6,4,0,1,1,0,2,3,16154,1,2
0,8,2,3,4779,2,2,0,30,0,4,2,7,1,2,2,3,12761,7,4
0,9,4,3,16422,2,0,1,31,7,5,0,3,1,0,3,4,8847,8,1
0,10,1,4,2996,3,3,1,34,1,4,2,5,0,2,3,3,20284,1,4
1,1,1,1,1261,0,0,0,31,1,3,0,1,1,0,3,4,22262,8,1
0,6,1,5,2099,0,4,1,27,2,1,1,0,0,0,2,4,7679,11,2
0,10,2,10,5810,4,8,1,36,2,4,0,1,0,0,3,2,22604,4,1
0,11,2,3,5647,2,2,0,36,0,4,1,4,1,2,1,2,13494,16,3
0,17,1,6,3420,5,2,1,47,1,3,1,7,0,1,3,2,10205,1,1
1,6,1,3,4400,2,2,2,25,6,2,1,3,0,0,1,3,15182,9,1
0,7,1,6,3500,5,3,1,37,2,2,0,0,0,0,1,1,25470,5,3
0,5,1,3,2066,2,0,1,56,1,2,1,2,1,1,4,4,10494,1,1
0,26,4,20,17169,17,6,5,47,7,4,1,3,1,2,2,4,26703,2,1
0,5,2,5,4162,4,3,0,24,0,1,1,1,1,2,3,3,15211,4,4
0,7,2,4,9204,3,3,0,32,0,5,1,4,0,1,3,2,23343,7,4
0,7,1,5,3294,4,2,0,34,2,3,1,5,1,1,1,2,3708,1,4
0,7,1,4,2127,2,3,0,41,1,5,1,2,0,0,1,2,5561,5,2
0,11,2,8,3975,7,7,0,40,2,4,2,3,0,2,3,4,23099,9,3
0,13,3,13,10793,7,9,9,31,0,2,2,1,0,1,1,3,8386,8,1
1,28,3,7,10096,7,3,4,46,0,3,2,4,0,1,1,4,15986,9,1
1,11,1,1,3646,0,0,0,39,2,3,0,2,1,0,2,4,17181,2,1
1,10,3,10,7446,8,7,4,31,3,5,0,1,1,0,1,3,8931,1,3
0,24,3,7,10851,7,7,0,45,4,3,2,2,0,1,2,3,19863,20,2
0,8,1,3,2109,2,2,0,31,8,2,0,9,1,0,4,3,24609,8,4
1,7,1,2,3722,2,2,2,31,2,3,1,6,0,1,3,1,21081,2,2
0,10,3,3,9380,1,2,1,45,3,3,1,4,0,2,4,4,14720,29,2
0,15,2,2,5486,2,2,2,48,0,3,2,4,0,3,1,3,24795,7,3
1,2,1,2,2742,2,2,2,34,8,4,1,1,1,0,4,3,3072,9,1
0,16,3,9,13757,8,8,4,40,7,1,2,2,0,1,3,3,25178,8,4
0,6,2,5,8463,4,3,1,28,0,3,0,0,0,0,4,3,23490,5,4
0,7,1,5,3162,2,3,0,44,2,3,0,3,0,0,4,3,7973,5,3
0,35,4,9,16598,8,8,8,53,7,3,0,4,0,0,2,2,19764,2,4
0,20,2,3,6651,2,2,1,49,4,4,1,2,0,1,2,2,21534,5,1
0,8,1,3,2345,1,2,1,40,1,3,2,2,0,1,3,4,8045,2,3
0,6,1,5,3420,2,3,1,44,1,3,0,1,0,0,3,2,21158,20,4
0,5,2,4,4373,3,3,0,33,0,3,1,0,0,2,1,3,17456,7,4
0,15,2,13,4759,9,12,3,34,0,3,0,3,0,0,4,3,15891,3,4
0,4,2,2,5301,1,2,2,30,0,1,1,8,0,2,3,2,2939,16,4
0,12,1,12,3673,9,8,5,42,2,2,0,1,1,0,3,3,16458,9,1
0,11,2,1,4768,0,0,0,44,0,5,1,7,1,1,3,2,9282,1,1
0,1,1,1,1274,0,0,0,30,1,3,2,1,0,2,2,2,7152,7,3
0,13,2,12,4900,9,8,2,57,1,2,1,0,0,1,1,2,2721,1,2
0,29,3,8,10466,7,7,0,49,4,4,2,3,0,2,2,3,20948,7,3
0,16,4,14,17007,8,9,6,34,7,3,2,7,0,2,4,2,11929,15,2
1,5,1,3,2909,2,2,1,28,6,3,1,3,0,1,4,4,15747,1,1
1,7,2,5,5765,3,0,0,29,0,3,0,5,1,0,1,1,17485,13,1
1,16,2,15,4599,9,10,10,34,0,4,0,0,1,0,3,4,7815,24,1
0,1,1,1,2404,0,0,0,35,6,1,1,1,0,1,1,3,16192,7,4
1,4,1,0,3172,0,0,0,24,2,3,0,2,0,0,3,2,16998,9,2
0,1,1,1,2033,0,0,0,24,6,2,1,1,1,1,3,3,7103,13,4
0,16,3,2,10209,2,2,2,44,3,1,0,5,0,0,2,2,19719,2,2
0,10,2,10,8620,7,4,0,29,0,3,2,1,0,2,3,3,23757,19,3
0,6,1,5,2064,3,3,1,30,8,3,2,0,0,1,1,4,15428,1,3
0,4,2,3,4035,2,2,1,55,4,4,1,0,0,0,2,3,16143,4,4
0,8,1,5,3838,4,2,0,33,2,4,1,8,1,0,4,3,8192,4,1
0,11,2,5,4591,4,2,1,47,0,3,1,3,1,1,3,2,24200,14,3
1,8,1,0,2561,0,0,0,28,2,2,0,7,0,0,3,2,5355,2,3
0,1,1,1,1563,0,0,0,28,1,3,2,1,0,1,4,1,12530,1,1
0,5,2,4,4898,2,3,1,28,0,3,0,0,0,0,4,3,11827,7,3
0,10,2,3,4789,2,2,1,49,2,2,1,4,1,1,1,3,23070,3,3
0,4,1,3,3180,2,2,0,29,2,1,1,0,1,3,3,3,4668,2,4
0,8,2,8,6549,6,7,1,28,3,1,1,1,0,2,2,2,3173,29,3
0,14,2,0,6388,0,0,0,33,4,5,0,2,0,0,1,3,22049,8,4
0,10,3,5,11244,2,0,0,32,5,3,0,2,0,0,2,4,21072,10,3
0,26,4,14,16032,9,12,1,54,5,4,2,3,1,1,1,3,24456,11,2
1,11,1,9,2362,7,7,0,29,1,4,0,6,0,0,3,1,7568,1,1
0,24,4,20,16328,6,17,14,44,7,3,1,3,0,1,3,4,22074,28,4
0,9,3,2,8376,0,2,2,39,3,3,0,4,1,0,4,3,9150,6,2
0,23,4,13,16606,12,1,5,46,5,3,1,8,1,1,4,4,11380,3,3
0,11,3,11,8606,8,3,3,35,4,3,0,1,1,0,4,1,21195,16,4
0,5,2,4,2272,3,2,1,23,2,1,0,0,0,0,2,3,24812,20,1
1,15,1,5,2018,4,0,1,40,2,4,0,3,0,0,2,1,21831,9,4
0,10,3,10,7083,9,6,8,34,0,3,1,1,0,0,4,3,12288,1,4
1,7,1,7,4084,2,7,7,31,1,3,0,1,1,0,1,1,4156,3,4
0,32,4,32,14411,6,9,13,50,7,5,0,1,0,0,4,3,24450,22,3
0,12,1,11,2308,10,7,5,34,6,2,1,0,0,1,2,3,4944,7,2
0,4,1,1,4841,0,0,0,42,2,3,1,4,0,1,2,3,24052,2,3
0,10,2,10,4285,8,7,3,37,1,3,1,1,0,0,1,3,3031,13,1
0,9,2,7,9715,7,7,0,29,4,1,1,3,1,1,3,3,7288,8,3
0,5,2,5,4320,3,2,0,33,3,3,0,1,0,0,4,3,24152,25,4
0,8,1,5,2132,4,3,0,45,1,3,1,4,0,1,4,3,4585,28,4
0,24,3,20,10124,8,9,13,42,4,3,1,2,0,1,3,1,18611,2,4
0,9,2,8,5473,4,1,7,40,0,2,1,0,0,0,4,4,19345,9,1
0,15,2,15,5207,14,7,5,33,2,4,1,1,0,1,2,3,22949,28,2
0,21,4,21,16437,7,7,7,40,5,2,0,1,0,0,4,3,17381,6,3
0,2,1,1,2296,1,0,0,24,2,2,2,0,0,3,2,3,10036,21,3
0,8,2,2,4069,2,2,2,40,4,2,2,3,0,0,3,3,8841,8,4
0,10,3,10,7441,8,7,7,45,4,4,2,1,0,3,1,3,20933,1,1
0,6,1,5,2430,3,2,4,35,6,4,1,0,1,2,1,3,26204,28,2
0,12,2,7,5878,1,5,2,32,1,2,1,3,1,1,1,3,15624,5,4
0,7,1,3,2644,2,2,1,36,6,4,0,3,0,0,4,2,17001,2,3
0,18,2,8,6439,7,7,7,48,0,4,2,8,1,1,3,3,13693,16,3
0,5,1,1,2451,0,0,0,29,1,3,1,6,0,2,1,2,22376,9,3
0,8,2,2,6392,2,2,2,33,0,4,1,2,0,1,4,1,10589,8,1
1,10,2,10,9714,8,7,6,30,0,3,1,1,0,1,4,3,5323,1,2
0,10,2,6,6077,3,2,1,38,8,4,1,3,0,0,3,3,14814,10,3
0,3,1,3,2450,0,2,1,35,2,3,0,1,0,0,2,3,21731,1,4
0,9,3,4,9250,2,3,1,30,0,4,1,3,0,1,2,3,17799,29,3
1,1,1,1,2074,0,0,0,35,2,3,2,1,1,1,4,3,26619,2,1
1,34,3,33,10169,7,9,1,53,3,5,1,0,1,1,2,3,14618,2,3
1,7,2,5,4855,2,4,1,38,3,3,1,4,0,2,1,3,7653,2,3
0,9,2,6,4087,5,2,1,32,1,4,1,4,0,1,2,2,25174,1,4
0,10,1,8,2367,2,6,7,48,1,4,1,8,1,1,4,2,16530,15,3
0,1,1,1,2972,0,0,0,34,1,4,0,1,0,0,3,1,22061,7,1
0,36,5,36,19586,6,13,2,55,5,5,1,1,0,1,3,3,23037,26,3
0,9,2,2,5484,2,1,2,34,1,4,1,9,0,1,2,2,13008,1,2
0,1,1,1,2061,0,0,0,26,1,3,1,1,1,0,1,3,11133,3,1
0,10,2,9,9924,8,7,7,38,0,3,1,0,0,1,4,3,12355,14,3
0,8,2,3,4198,2,2,1,38,0,3,0,2,1,0,2,4,16379,16,2
0,15,2,1,6815,0,0,0,36,0,4,0,6,1,0,1,3,21447,1,2
0,10,1,10,4723,9,5,1,29,2,1,0,1,0,0,4,3,16213,3,2
0,10,2,5,6142,2,4,0,35,4,4,0,3,1,0,3,3,4223,10,1
0,11,3,7,8237,6,6,7,39,0,3,1,2,0,1,1,3,4658,6,4
0,6,2,6,8853,4,3,1,29,4,1,2,1,0,1,4,4,24483,2,1
0,27,5,1,19331,0,0,0,50,5,3,1,4,0,1,3,3,19519,9,3
0,4,1,2,2073,2,2,2,23,1,3,1,2,0,1,4,3,12826,10,4
0,9,2,3,5562,2,2,0,36,2,4,1,3,0,1,4,3,19711,6,1
0,24,5,1,19613,0,1,0,42,5,2,0,8,0,0,4,3,26362,9,4
0,10,2,10,3407,9,8,6,35,2,3,1,1,0,2,4,2,25348,28,2
0,8,2,8,5063,2,7,7,34,4,4,1,1,0,1,2,2,15332,10,4
0,5,2,5,4639,4,2,1,40,0,2,1,1,1,1,3,3,11262,14,4
0,8,1,6,4876,4,2,0,43,2,3,2,5,0,1,3,3,5855,27,4
0,1,1,1,2690,0,1,0,35,2,2,1,1,0,1,4,2,7713,7,3
0,27,4,26,17567,0,12,0,46,5,4,0,1,0,0,2,1,3156,1,4
1,1,1,1,2408,1,0,0,28,2,3,1,1,0,3,3,3,7324,24,3
0,4,1,4,2814,2,3,1,22,1,2,1,1,1,0,2,2,10293,26,2
0,32,4,30,11245,8,13,12,50,4,5,1,2,0,1,3,3,20689,20,2
0,6,1,3,3312,2,2,0,32,1,4,1,3,1,2,4,3,18783,5,2
0,23,5,22,19049,7,10,1,44,7,3,2,0,1,1,4,2,3549,7,2
0,6,1,6,2141,4,1,1,30,1,3,1,1,0,1,2,2,5348,7,2
0,10,2,10,5769,7,4,1,45,2,5,0,1,1,0,1,3,23447,5,3
0,10,2,10,4385,7,5,4,45,0,3,1,1,0,1,1,3,24162,26,1
0,10,2,5,5332,2,3,0,31,0,4,0,7,0,0,4,3,21602,2,4
0,7,2,3,4663,2,1,1,36,3,4,1,9,1,2,2,3,12421,12,3
0,9,2,9,4724,7,2,7,34,3,4,2,1,0,1,1,3,17000,10,3
0,10,1,9,3211,6,4,1,49,2,4,1,1,1,1,4,2,22102,25,3
0,10,2,7,5377,7,7,7,39,3,5,1,2,0,3,4,3,3835,10,2
0,7,1,7,4066,7,7,0,27,2,3,2,1,0,2,1,3,16290,19,4
0,16,2,16,5208,15,10,1,35,1,5,1,1,0,0,4,3,26312,18,2
0,6,2,5,4877,3,0,0,28,3,3,2,0,1,1,2,2,20460,27,2
0,3,1,2,3117,2,2,2,21,1,1,0,1,0,0,3,3,26009,5,3
1,0,1,0,1569,0,0,0,18,6,2,0,1,1,0,3,4,18420,3,2
0,27,5,5,19658,2,0,1,47,5,4,1,3,1,1,3,3,5220,26,4
0,11,2,10,3069,8,7,0,39,2,2,2,0,0,1,4,3,10302,3,3
0,18,3,18,10435,15,12,14,40,3,3,1,1,1,2,4,3,25800,15,1
0,15,2,14,4148,11,9,2,35,4,4,1,1,1,1,4,3,12250,8,3
0,9,2,4,5768,3,2,0,37,3,3,1,3,0,3,1,2,26493,19,3
0,10,2,9,5042,2,8,3,39,3,3,0,0,1,0,4,1,3140,4,1
0,10,2,10,5770,7,9,3,45,3,2,2,1,1,2,1,3,5388,2,4
0,10,3,5,7756,4,2,0,38,3,2,1,3,1,1,4,4,14199,2,4
1,15,3,13,10306,12,0,6,35,0,3,1,9,0,0,3,3,21530,10,4
0,8,1,8,3936,4,7,7,37,1,3,1,1,1,1,1,1,9953,10,2
0,18,3,4,7945,2,3,3,40,3,3,0,6,1,0,4,2,19948,16,3
0,14,2,10,5743,7,2,0,44,8,5,1,4,0,0,3,3,10503,1,1
0,23,4,2,15202,2,2,2,48,5,5,1,2,0,1,2,3,5602,4,3
1,7,2,2,5440,2,2,2,35,0,2,2,6,0,2,4,2,22098,15,1
0,6,1,6,3760,3,3,1,24,1,1,0,1,1,0,3,3,17218,2,1
0,5,1,3,3517,2,2,0,27,1,3,1,7,1,0,1,3,22490,8,2
0,6,1,4,2580,2,2,1,27,1,3,0,2,0,0,3,2,6297,2,4
1,10,1,4,2166,2,3,0,40,2,3,0,3,0,0,2,1,3339,7,1
0,8,2,5,5869,2,4,1,29,0,3,0,9,0,0,3,3,23413,10,3
0,9,3,3,8008,2,2,0,36,4,4,1,4,1,2,3,3,22792,5,2
0,7,2,7,5206,7,7,0,25,3,1,2,1,0,2,3,3,4973,2,4
0,7,2,5,5295,4,0,1,39,3,3,1,4,0,0,3,3,7693,12,4
0,27,4,4,16413,2,2,1,49,7,4,1,3,1,2,2,3,3498,22,1
0,19,3,14,13269,11,11,1,50,7,5,2,5,1,3,3,3,21981,17,4
0,2,1,2,2783,2,2,2,20,6,3,0,1,1,0,1,3,13251,2,3
0,11,2,11,5433,8,9,7,34,1,3,2,1,1,1,3,3,19332,3,4
0,15,1,4,2013,3,3,1,36,2,3,0,2,0,0,3,3,10950,7,1
0,30,4,15,13966,11,12,2,49,4,1,1,2,1,1,2,3,11652,6,3
0,4,2,3,4374,2,2,1,36,3,4,1,0,1,0,3,3,15411,1,4
0,13,2,5,6842,4,4,0,36,4,2,2,6,0,1,1,3,26308,3,4
0,36,4,10,17426,8,7,4,54,5,5,1,3,1,1,3,3,18685,22,2
0,14,4,14,17603,10,11,6,43,7,2,1,1,0,1,1,3,3525,15,3
1,13,2,11,4581,9,7,6,35,0,4,0,3,0,0,1,4,10414,12,4
0,19,2,13,4735,11,9,2,38,1,3,1,7,0,2,4,4,9867,1,4
0,10,2,10,4187,0,9,0,29,0,3,2,1,0,1,2,2,3356,5,1
0,6,2,6,5505,2,4,0,33,0,4,2,1,0,2,3,3,3921,2,4
0,10,2,9,5470,5,6,1,32,1,3,2,0,0,2,3,2,25518,2,4
0,10,2,10,5476,0,2,0,31,0,4,1,1,1,2,1,3,22589,5,1
0,17,1,2,2587,2,2,2,49,2,3,2,4,1,1,2,2,24941,16,4
0,4,1,4,2440,3,3,3,38,2,3,0,1,1,0,2,3,23826,2,4
0,29,4,3,15972,2,2,1,47,5,4,2,6,1,3,3,3,21086,2,2
0,23,4,8,15379,7,0,0,49,5,3,0,4,0,0,1,3,22384,1,3
0,21,3,2,7082,0,2,0,41,0,2,0,3,0,0,4,3,11591,23,4
0,2,1,2,2728,2,2,0,20,6,1,0,1,0,0,1,3,21082,9,4
0,7,2,6,5368,5,2,1,33,0,3,2,1,1,1,3,3,16130,16,3
0,10,2,3,5347,2,2,0,36,4,4,1,6,0,2,2,2,7419,26,1
0,8,1,2,3195,2,2,2,44,8,3,2,4,1,3,1,3,4167,1,3
1,5,1,5,3989,4,2,1,23,2,1,0,1,0,0,1,3,20586,8,4
0,7,1,0,3306,0,0,0,38,2,2,1,7,1,1,4,2,26176,4,4
0,11,3,4,7005,3,2,1,53,4,4,1,3,0,0,3,3,3458,24,2
1,19,1,9,2655,7,7,7,48,6,2,1,2,1,2,3,3,11740,7,4
1,1,1,1,1393,0,0,0,32,2,4,0,1,0,0,1,3,24852,2,4
0,7,1,7,2570,7,7,5,26,2,3,0,1,0,0,3,3,11925,7,4
0,8,1,4,3537,2,2,1,55,1,3,2,5,0,1,4,3,23737,22,1
0,15,2,15,3986,10,13,4,34,2,2,1,1,0,1,3,4,11912,5,2
0,19,3,1,10883,0,0,0,60,4,4,2,3,0,1,3,4,20467,1,3
0,14,1,14,2028,11,13,2,33,2,3,1,1,0,3,4,3,13637,21,2
0,6,2,6,9525,3,3,1,37,0,4,2,1,0,2,3,2,7677,1,3
0,10,1,10,2929,9,7,8,34,1,3,1,1,1,0,2,3,20338,19,2
1,3,1,3,2275,2,2,0,23,6,3,2,1,0,1,2,3,25103,7,3
0,9,3,8,7879,7,7,6,44,4,3,1,1,1,1,2,3,14810,2,3
0,6,1,5,4930,4,4,1,35,1,4,0,0,0,0,3,4,13970,2,1
0,10,2,10,7847,9,8,8,43,0,3,1,1,0,1,1,3,6069,2,4
0,5,1,5,4401,3,4,0,24,1,3,1,1,0,1,4,3,17616,9,3
0,10,3,10,9241,8,7,8,41,0,3,0,1,0,0,2,3,15869,6,4
0,9,1,5,2974,3,2,1,29,2,4,1,9,1,1,3,3,25412,9,4
0,17,2,13,4502,7,7,6,36,6,4,0,3,1,0,3,2,7439,2,3
0,25,3,23,10748,15,4,14,45,4,1,1,3,0,1,4,2,3395,1,3
1,1,1,1,1555,0,0,0,24,8,1,1,1,0,1,3,3,11585,22,4
1,25,4,23,12936,5,10,14,47,0,3,1,7,0,0,3,1,24164,9,3
0,3,1,3,2305,2,2,0,26,2,4,1,1,0,3,3,4,6217,17,4
0,21,4,21,16704,6,6,8,45,7,2,0,1,1,0,3,3,17119,28,4
0,10,1,5,3433,2,3,1,32,1,3,1,6,0,1,1,2,17360,10,1
0,6,1,5,3477,2,3,0,31,2,4,1,1,0,1,4,4,18103,2,2
0,10,2,3,6430,2,2,1,41,8,3,1,6,0,1,2,3,20794,4,3
0,18,2,1,6516,0,0,0,40,3,2,1,2,1,1,2,3,5041,8,2
0,6,1,6,3907,2,2,1,24,2,1,2,1,0,3,2,4,3622,29,2
0,19,2,10,5562,7,9,0,46,4,4,0,6,0,0,4,3,9697,13,3
0,17,2,7,6883,7,7,0,35,3,4,1,2,0,1,2,3,5151,27,4
0,10,1,10,2862,0,8,0,30,1,1,1,1,0,1,2,2,3811,16,2
0,4,2,1,4978,0,0,0,47,0,4,1,7,0,1,4,1,3536,2,3
0,13,3,10,10368,6,3,0,46,0,3,2,4,0,1,2,2,5596,2,3
1,16,2,2,6134,2,2,2,36,0,5,2,5,0,3,2,3,8658,13,2
1,10,2,0,6735,0,0,0,32,0,2,0,6,0,0,2,3,12147,1,1
0,3,1,3,3295,2,2,1,23,2,1,0,1,1,0,3,1,12862,4,3
0,9,2,5,5238,4,4,1,31,3,1,0,2,1,0,4,2,6670,24,4
0,9,2,9,6472,8,8,5,39,2,3,1,1,0,1,4,3,8989,1,4
0,10,3,4,9610,3,2,0,32,0,3,1,3,0,1,3,1,3840,19,4
0,21,5,21,19833,8,8,12,40,5,4,0,1,0,0,2,2,4349,7,2
0,9,3,5,9756,0,3,0,45,8,3,1,4,1,2,3,4,6595,4,3
0,10,1,9,4968,7,7,0,30,1,4,0,0,1,0,4,3,26427,2,4
0,3,1,2,2145,2,1,2,24,8,3,1,0,0,1,4,3,2097,10,1
1,6,1,4,2180,2,2,1,30,8,3,2,6,1,1,3,2,9732,8,3
0,6,2,5,8346,2,2,0,31,0,3,1,1,0,1,3,3,20943,5,1
0,6,1,6,3445,2,4,1,27,1,3,0,1,1,0,3,2,6152,8,3
1,2,1,2,2760,2,2,2,29,6,3,0,1,1,0,3,3,14630,9,2
0,10,2,3,6294,2,2,0,29,4,3,0,8,0,0,4,4,23060,1,4
0,12,3,7,7140,7,7,1,30,0,2,2,2,0,1,1,3,3088,15,3
0,6,1,5,2932,0,2,1,34,1,4,1,0,0,3,1,3,5586,2,4
0,13,2,11,5147,7,7,1,33,0,3,0,8,1,0,4,2,10697,2,4
0,8,2,5,4507,1,4,0,49,0,4,0,3,1,0,3,4,8191,11,4
1,11,3,0,8564,0,0,0,33,0,3,0,2,1,0,3,2,10092,16,1
0,9,1,6,2468,1,5,0,38,2,2,1,4,1,1,2,2,15963,2,3
1,10,3,1,8161,0,0,0,31,0,4,1,2,0,3,1,3,19002,16,1
0,1,1,1,2109,0,0,0,29,1,3,2,1,1,1,3,3,10007,4,4
0,10,2,7,5294,0,7,1,30,4,3,1,3,0,1,3,3,9128,16,3
0,12,1,7,2718,7,7,0,32,1,4,0,2,0,0,2,3,17674,5,2
0,15,2,1,5811,0,0,1,38,4,3,1,3,0,1,3,3,24539,18,2
1,6,1,1,2437,0,0,0,43,1,3,1,9,0,1,4,3,15587,17,3
0,7,1,5,2766,3,4,0,42,2,3,2,8,0,3,2,2,8952,12,2
0,34,5,1,19038,0,0,0,55,7,3,1,8,0,3,2,3,19805,2,3
0,11,2,9,3055,8,7,1,33,1,3,2,5,0,2,4,2,6194,4,4
0,5,1,5,2289,3,4,0,41,2,4,2,1,0,2,2,3,20520,9,3
0,15,2,15,4001,14,7,0,34,0,3,2,1,0,1,3,3,12313,10,4
0,27,4,3,12965,2,2,0,53,3,4,1,4,1,3,4,2,22308,1,1
0,10,1,9,3539,7,8,1,43,8,3,0,0,0,0,2,3,5033,2,2
0,6,2,2,6029,2,2,2,34,0,2,0,5,1,0,1,3,25353,3,4
1,1,1,1,2679,0,0,1,21,6,1,0,1,0,0,2,3,4567,7,2
0,5,1,5,3702,4,4,0,38,2,2,1,1,1,1,2,3,16376,6,4
1,1,1,1,2398,0,0,0,22,2,1,1,1,1,0,3,3,15999,8,3
0,13,2,12,5468,7,7,5,31,0,4,1,1,1,2,1,3,13402,29,1
0,15,3,2,13116,2,2,2,51,5,3,1,2,1,0,4,3,22984,3,1
0,5,2,5,4189,2,3,0,37,0,2,1,1,0,2,1,3,8800,9,2
0,24,5,2,19328,1,2,2,46,7,4,2,7,0,1,3,3,14218,2,3
0,15,3,12,8321,8,7,5,36,4,3,1,7,0,1,4,3,25949,10,4
1,6,1,5,2342,3,3,2,44,1,2,2,1,0,3,3,2,11092,1,3
0,19,2,10,4071,0,7,4,37,8,2,2,2,0,0,3,2,12832,8,3
1,10,2,10,5813,7,7,7,35,0,3,0,1,0,0,4,3,13492,27,3
0,14,1,10,3143,8,6,7,33,1,4,1,6,0,1,2,3,6076,8,4
0,5,1,5,2044,3,3,0,28,1,3,1,1,0,1,3,4,5531,1,3
0,9,3,4,13464,3,2,2,39,7,1,0,7,0,0,3,3,7914,10,3
0,6,2,2,7991,2,2,2,46,0,2,0,8,0,0,3,3,25166,26,2
0,7,1,4,3377,3,2,0,40,2,2,1,4,1,1,4,2,25605,2,3
0,10,2,0,5538,0,0,0,42,4,3,1,5,0,2,3,2,5696,13,2
0,15,2,7,5762,7,7,1,35,3,2,2,2,0,1,3,3,24442,2,2
0,13,1,11,2592,10,8,3,38,8,3,2,5,0,3,4,3,7129,2,1
1,11,2,7,5346,1,7,0,34,2,4,1,4,0,1,3,2,6208,9,4
1,10,2,10,4213,3,8,0,37,3,4,0,1,0,0,2,1,4992,10,4
0,7,2,2,4127,1,2,2,39,0,3,2,2,0,1,4,3,19188,20,3
0,7,1,3,2438,2,2,1,43,1,3,0,4,0,0,3,2,24978,9,1
0,11,2,3,6870,2,2,1,41,4,3,0,3,0,0,1,1,15530,5,2
0,23,3,22,10447,14,5,13,41,0,1,2,0,1,1,4,4,26458,4,3
0,9,3,7,9667,7,2,0,30,3,3,0,9,1,0,2,3,2739,10,1
1,6,1,5,2148,1,4,1,26,8,2,1,0,1,0,3,3,6889,20,4
1,13,2,9,8926,7,7,3,46,4,2,1,4,1,1,4,4,10842,21,4
0,12,2,5,6513,3,3,0,40,4,3,2,4,1,1,4,3,9060,1,3
0,10,2,10,6799,8,8,4,34,0,2,1,1,0,2,3,3,22128,8,2
0,37,4,16,16291,9,14,14,58,5,3,2,4,0,1,4,2,22577,2,2
0,6,1,5,2705,4,3,0,35,2,4,1,0,0,1,2,4,9696,23,2
0,28,3,22,10333,11,10,14,47,3,3,2,8,1,1,3,3,19271,4,3
0,15,2,7,4448,4,7,7,40,4,3,2,2,1,1,2,3,10748,12,2
0,14,2,7,6854,1,7,1,54,1,4,1,4,1,1,2,2,15696,7,4
0,9,3,3,9637,2,2,2,31,0,4,1,2,1,2,4,3,8277,7,1
0,3,1,3,3591,2,2,1,28,1,3,1,1,1,1,3,3,12719,1,3
0,20,2,4,5405,2,3,0,38,6,4,1,2,1,2,1,2,4244,2,2
0,5,2,5,4684,3,2,1,26,0,3,0,1,0,0,1,3,9125,10,3
0,23,4,2,15787,2,2,2,58,7,4,1,2,0,0,2,3,21624,15,1
0,0,1,0,1514,0,0,0,18,1,3,0,1,1,0,3,1,8018,14,2
1,2,1,1,2956,0,0,0,31,8,5,1,0,0,0,3,3,21495,18,4
1,4,1,2,2335,2,0,2,29,8,3,2,4,0,3,4,3,3157,13,1
0,10,2,8,5154,7,7,5,45,0,4,1,4,1,2,2,4,19665,2,3
0,15,2,1,6962,0,0,0,36,1,4,1,4,1,1,4,3,19573,2,4
0,7,2,7,5675,7,7,7,43,0,4,1,1,0,1,3,3,19246,2,1
0,6,1,5,2379,4,2,0,27,2,2,0,0,1,0,3,2,19826,5,4
0,11,1,11,3812,8,10,3,29,2,1,1,1,0,0,2,4,7003,20,4
0,4,2,0,4648,0,0,0,32,0,4,0,8,0,0,3,4,26075,10,4
0,10,1,6,2936,3,3,3,42,1,4,1,3,0,2,2,2,6161,10,3
0,7,1,2,2105,2,0,2,47,2,4,0,4,1,0,3,3,5411,9,2
0,12,3,9,8578,8,7,4,46,3,2,2,3,0,1,3,2,19989,2,4
0,3,1,3,2706,2,2,2,28,8,2,2,1,0,1,2,3,10494,1,3
0,11,2,7,6384,0,6,1,29,4,1,2,8,0,2,4,3,21143,29,4
0,8,1,0,3968,0,0,0,42,2,3,0,4,0,0,4,3,13624,8,4
1,7,2,2,9907,2,2,2,32,0,4,0,7,0,0,3,2,26186,2,3
0,25,4,19,13225,17,8,2,46,0,3,2,2,1,1,4,3,7739,3,1
0,9,2,9,3540,8,8,5,27,6,1,1,1,1,1,4,3,7018,23,2
0,1,1,1,2804,0,0,0,29,8,1,1,1,0,0,4,3,15434,6,4
0,21,5,16,19392,12,14,6,43,5,3,1,7,1,0,4,3,22539,6,1
0,29,5,22,19665,10,9,12,48,7,3,1,4,0,0,4,3,13583,10,4
1,1,1,1,2439,0,0,1,29,1,2,0,1,0,0,2,2,14753,24,4
1,14,3,8,7314,7,7,0,46,0,3,1,5,1,3,3,3,14011,10,3
0,8,1,7,4774,6,3,7,27,1,3,1,0,1,1,4,2,23844,15,4
0,7,2,2,3902,2,2,2,39,1,4,2,8,0,3,2,3,5141,19,4
0,19,1,5,2662,2,4,0,55,1,4,1,8,0,1,2,4,7975,2,2
0,1,1,1,2856,0,0,0,28,6,3,1,1,1,1,4,3,3692,3,2
1,1,1,1,1081,0,0,0,30,6,3,0,1,0,0,3,2,16019,9,2
1,1,1,1,2472,0,0,0,22,1,1,0,1,0,0,1,3,26092,7,4
0,10,2,10,5673,9,7,1,36,0,4,1,1,1,1,1,3,6060,10,2
0,10,2,10,4197,8,2,0,31,2,3,2,1,0,1,1,3,18624,20,2
0,9,3,5,9713,3,0,1,34,0,3,1,2,0,3,4,3,24444,4,3
0,11,1,3,2062,2,2,1,29,2,3,0,3,0,0,2,3,19384,7,4
0,16,2,5,4284,3,4,0,37,1,4,1,5,0,1,3,3,13588,7,4
0,4,2,3,4788,2,2,0,35,3,2,1,0,1,0,4,3,25388,16,4
0,10,2,9,5906,8,8,3,45,3,2,1,0,1,2,4,2,23888,25,2
0,10,2,10,3886,1,8,0,36,8,1,0,1,0,0,4,2,4223,2,2
0,22,4,19,16823,7,16,11,40,5,4,2,2,0,1,1,3,18991,1,1
0,1,1,1,2933,0,0,1,26,1,2,1,1,1,1,3,2,14908,1,2
0,9,2,8,6500,7,7,0,27,0,2,0,0,1,0,2,2,26997,2,1
0,24,4,22,17174,17,7,4,48,5,3,2,3,1,1,2,3,2437,22,4
0,10,2,2,5033,0,2,2,44,4,4,1,2,0,1,4,3,9364,1,2
1,5,1,5,2307,2,0,3,34,1,4,1,1,0,1,2,3,14460,16,4
1,5,1,4,2587,2,0,1,56,2,2,0,1,0,0,4,3,10261,24,1
0,12,2,4,5507,2,3,1,36,0,2,1,2,0,2,3,1,16822,17,3
0,14,2,5,4393,4,4,1,41,0,3,1,5,1,1,3,3,26841,8,3
0,18,3,13,13348,7,7,5,42,7,3,1,9,0,1,2,4,14842,6,3
0,8,2,5,6583,2,4,1,31,0,2,2,2,1,1,4,3,20115,10,3
0,9,2,4,8103,2,1,0,34,0,1,1,3,1,0,3,2,16495,3,4
0,4,1,2,3978,2,2,2,31,2,3,2,8,1,1,2,2,16031,4,1
0,8,1,7,2544,7,7,7,26,2,3,1,0,0,1,1,3,7102,6,3
0,12,2,4,5399,2,3,0,45,4,4,0,4,0,0,3,3,14511,1,2
0,10,2,10,5487,4,9,0,33,0,4,0,1,0,0,2,2,10410,10,2
0,7,2,7,6834,7,7,0,28,0,2,1,1,0,1,3,3,19255,1,3
1,1,1,1,1091,0,0,0,29,6,3,0,1,0,0,4,3,10642,24,3
0,10,2,3,5736,2,2,1,39,0,4,1,6,1,1,3,3,3987,21,1
0,6,1,5,2226,3,2,1,27,1,4,1,1,0,1,3,2,6073,2,2
0,16,2,15,5747,10,11,6,34,1,4,1,1,0,0,2,3,26496,22,3
1,6,2,2,9854,0,2,2,28,0,2,0,3,1,0,4,3,23352,13,4
0,16,2,8,5467,7,7,1,47,1,4,1,8,0,1,3,4,2125,14,3
0,6,2,0,5380,0,0,0,56,0,5,1,4,1,1,3,3,20328,11,4
0,10,2,10,5151,0,9,7,39,3,2,1,1,0,1,4,3,12315,9,1
0,20,2,20,2133,11,7,0,38,1,3,2,1,1,1,3,3,18115,8,4
0,29,4,1,17875,0,0,0,58,5,3,1,4,1,1,3,2,11761,21,4
1,8,1,4,2432,1,3,0,32,1,2,0,3,1,0,1,3,15318,5,1
0,10,1,5,4771,2,3,0,38,1,2,2,2,0,2,4,4,14293,9,2
0,28,5,5,19161,4,3,4,49,7,1,1,3,0,0,4,3,13738,2,2
0,14,2,0,5087,0,0,0,42,0,4,2,3,0,2,3,3,2900,12,2
1,1,1,1,2863,0,0,0,27,8,3,1,1,1,0,1,3,19555,22,1
0,6,2,5,5561,3,4,0,35,0,4,1,0,0,1,4,1,15975,18,2
0,5,1,5,2144,3,4,1,28,1,3,0,1,0,0,3,2,2122,16,3
0,4,1,4,3065,2,3,2,31,1,2,2,1,0,1,4,4,3995,3,3
0,5,1,5,2810,4,2,0,36,2,4,1,1,0,0,2,3,9238,9,1
0,14,3,14,9888,8,1,2,34,0,3,0,1,0,0,1,2,6770,1,1
0,9,3,8,8628,7,1,1,34,0,4,2,1,0,1,3,2,22914,13,4
0,8,1,7,2867,7,6,7,26,2,3,0,0,0,0,4,2,20006,1,3
0,6,2,5,5373,3,2,0,29,4,3,1,0,0,1,1,2,6225,1,1
0,9,2,5,6667,1,2,1,32,4,4,2,5,1,1,2,3,16542,15,3
0,10,2,10,5003,8,7,8,31,1,3,1,1,0,0,2,3,5771,1,4
1,6,1,4,2367,1,3,0,28,2,3,2,5,0,1,1,2,18779,17,3
0,20,1,1,2858,0,0,0,38,6,3,0,4,0,0,1,2,11473,1,1
0,10,2,10,5204,8,9,0,35,0,4,1,1,1,0,4,3,13586,7,3
0,7,2,7,4105,7,7,0,27,0,3,0,1,0,0,1,3,5099,9,4
0,8,2,1,9679,0,0,0,32,3,4,0,8,0,0,2,3,10138,5,4
1,10,2,10,5617,7,8,0,31,0,4,1,1,0,0,3,3,21075,26,1
1,15,3,2,10448,2,2,2,53,0,4,0,6,0,0,2,2,5843,24,1
0,9,2,4,2897,3,3,2,54,1,2,1,3,1,2,3,2,22474,9,1
0,9,2,9,5968,7,8,2,33,4,2,2,1,0,3,3,3,18079,7,4
0,10,3,10,7510,9,9,0,43,4,3,1,1,0,1,2,3,16873,11,1
0,7,1,6,2991,2,2,1,38,8,4,1,0,0,1,2,3,5224,1,4
0,35,5,10,19636,9,4,1,55,5,4,1,4,0,1,1,3,25811,26,3
0,1,1,1,1129,0,0,0,31,2,1,2,1,1,3,3,3,17536,2,4
0,21,4,20,13341,8,10,11,39,0,4,0,0,0,0,1,3,25098,15,2
0,20,2,20,4332,9,7,3,42,1,2,0,1,0,0,4,3,14811,23,4
0,13,3,11,11031,7,8,4,31,7,3,1,4,1,1,3,4,26862,10,3
0,9,2,5,4440,2,4,1,54,3,3,0,6,1,0,4,3,25198,10,3
0,4,2,4,4617,3,2,1,24,4,2,0,1,0,0,2,2,14120,1,2
0,5,1,5,2647,2,4,1,23,2,2,0,1,0,0,3,4,13672,12,4
0,10,2,10,6323,9,4,9,40,2,3,1,1,1,1,1,4,26849,11,4
0,15,2,11,5677,8,10,5,40,0,2,1,3,1,1,3,3,4258,2,2
0,6,1,2,2187,0,2,1,25,8,3,1,4,1,0,3,3,19655,2,3
0,12,1,12,3748,8,7,1,30,2,2,1,1,0,0,3,2,4077,1,4
0,7,1,2,3977,2,2,0,25,2,1,2,6,0,1,3,2,7298,2,4
0,25,3,17,8633,14,11,12,47,4,3,0,2,0,0,2,3,13084,25,1
0,1,1,1,2008,1,0,0,33,2,2,2,1,0,3,3,2,20439,1,2
0,16,2,15,4440,13,8,5,38,0,4,1,0,0,2,1,3,7636,1,4
0,3,1,2,3067,2,2,1,31,6,2,1,0,0,1,3,3,6393,2,1
0,10,2,8,5321,3,7,7,38,3,4,1,2,0,1,4,3,14284,6,1
0,9,2,4,5410,3,2,1,42,1,4,2,6,0,1,3,2,11189,18,4
0,12,1,5,2782,3,0,1,41,1,3,1,3,0,1,1,3,21412,1,4
0,14,3,13,11957,8,12,5,47,7,1,1,0,1,2,1,1,17231,1,3
0,5,1,2,2660,2,2,2,35,2,4,1,7,0,1,3,3,20232,11,4
0,4,1,3,3375,2,2,1,22,1,2,0,0,0,0,4,4,17624,1,4
0,10,2,10,5098,7,8,0,35,1,4,0,1,0,0,2,3,18698,9,2
0,10,2,9,4878,7,1,8,33,4,2,1,0,1,1,1,3,21653,15,2
0,6,1,6,2837,2,1,4,32,2,4,0,1,1,0,3,3,15919,29,3
0,8,1,1,2406,0,0,0,40,2,4,1,8,0,2,3,2,4060,1,1
0,3,1,2,2269,2,2,2,32,6,4,1,0,0,1,2,3,18024,1,2
0,18,2,7,4108,7,7,1,39,1,1,0,7,0,0,1,3,5340,24,1
0,20,3,18,13206,16,11,1,38,7,3,1,3,1,1,1,3,3376,10,2
0,14,3,14,10422,10,7,5,32,0,4,1,1,1,2,3,3,24032,1,3
0,16,3,16,13744,11,8,6,37,7,3,1,1,1,1,1,3,15471,10,3
0,6,2,5,4907,3,4,0,25,0,2,2,0,1,1,2,2,13684,8,1
0,16,1,9,3482,8,0,0,52,6,4,2,2,0,2,2,2,19788,29,1
0,6,1,4,2436,3,2,1,44,1,3,0,6,0,0,3,3,13422,1,2
0,2,1,2,2380,2,2,1,21,6,1,0,1,0,0,4,3,25479,5,3
0,21,5,6,19431,0,3,1,39,5,3,0,2,0,0,3,2,15302,9,4
1,1,1,1,1790,0,0,1,23,6,3,1,1,0,1,1,2,26956,9,4
0,10,3,9,7644,7,4,3,36,0,3,1,0,1,2,3,3,12695,3,1
0,18,2,4,5131,2,2,0,36,3,2,2,7,1,3,2,3,9192,4,4
0,13,2,13,6306,12,9,1,56,4,4,2,1,0,1,1,2,26236,1,3
1,4,1,2,4787,2,2,2,29,1,4,1,9,0,3,2,4,26124,1,1
0,24,5,22,18880,6,14,4,42,5,3,1,5,0,0,1,2,17312,2,1
1,14,1,10,2339,9,8,9,56,2,2,1,8,0,1,4,1,3666,7,4
0,21,4,20,13570,7,10,0,41,3,4,1,0,1,1,3,3,5640,28,1
0,8,2,8,6712,7,7,1,34,0,3,1,1,1,2,4,3,8978,28,4
0,15,2,15,5406,12,11,11,36,0,4,2,1,0,1,1,2,10436,15,4
0,14,2,5,8938,4,4,0,41,0,3,2,2,0,1,3,3,12227,3,3
0,4,1,4,2439,2,2,1,32,1,3,0,1,0,0,4,3,11288,2,4
0,9,3,9,8837,0,7,1,35,8,4,0,1,1,0,3,3,16642,26,3
0,10,2,10,5343,7,9,1,38,0,2,1,1,1,1,3,3,5982,10,1
1,12,2,6,6728,3,1,0,50,0,4,2,7,0,2,4,3,14255,1,2
0,8,2,6,6652,3,0,0,36,0,4,1,4,1,1,1,2,14369,11,2
0,8,2,5,4850,3,1,0,45,0,3,0,8,1,0,3,3,23333,20,4
0,8,1,2,2809,2,2,2,40,1,4,0,2,0,0,4,3,2725,2,3
0,10,2,10,5689,2,2,0,35,4,4,1,1,0,2,4,4,24594,18,3
0,20,1,5,2001,3,2,0,40,1,4,1,2,1,3,2,3,12549,2,3
0,4,1,4,2977,3,1,1,35,1,4,1,1,1,1,4,3,8952,1,3
0,10,2,4,4025,3,3,0,29,2,2,1,4,0,1,1,3,23679,13,4
0,5,1,5,3785,4,4,0,29,1,4,0,1,1,0,2,1,8489,28,4
1,20,3,3,10854,2,0,2,50,0,3,2,4,0,1,2,3,16586,28,4
0,21,4,20,12031,9,6,9,39,0,1,1,0,1,1,1,2,8828,24,2
0,10,2,9,9936,4,7,1,31,3,3,0,0,0,0,2,3,3787,5,2
0,5,1,4,2966,2,0,0,26,6,3,0,0,1,0,4,3,21378,5,4
0,17,2,5,2571,2,3,0,36,2,2,1,4,0,1,3,3,12290,23,3
0,9,3,7,9991,7,7,1,39,4,1,1,4,0,1,1,3,21457,6,4
0,6,2,6,6142,2,3,0,27,3,3,1,1,0,1,2,3,5174,4,2
0,17,2,9,5390,6,8,0,49,0,3,1,2,0,0,4,2,13243,2,4
0,6,2,4,4404,3,2,1,34,2,3,1,2,0,0,1,4,10228,8,2
